{
    "total":{
        "total":29,
        "open":0,
        "closed":29
    },
    "streak":{
        "won":{
            "current":0,
            "longest":2
        },
        "lost":{
            "current":1,
            "longest":7
        }
    },
    "pnl":{
        "gross":{
            "total":-1.6100000000000012,
            "average":-0.055517241379310384
        },
        "net":{
            "total":-1.6100000000000012,
            "average":-0.055517241379310384
        }
    },
    "won":{
        "total":8,
        "pnl":{
            "total":8.780000000000003,
            "average":1.0975000000000004,
            "max":3.5199999999999996
        }
    },
    "lost":{
        "total":21,
        "pnl":{
            "total":-10.390000000000004,
            "average":-0.49476190476190496,
            "max":-2.4200000000000017
        }
    },
    "long":{
        "total":29,
        "pnl":{
            "total":-1.6100000000000012,
            "average":-0.055517241379310384,
            "won":{
                "total":8.780000000000003,
                "average":1.0975000000000004,
                "max":3.5199999999999996
            },
            "lost":{
                "total":-10.390000000000004,
                "average":-0.49476190476190496,
                "max":-2.4200000000000017
            }
        },
        "won":8,
        "lost":21
    },
    "short":{
        "total":0,
        "pnl":{
            "total":0.0,
            "average":0.0,
            "won":{
                "total":0.0,
                "average":0.0,
                "max":0.0
            },
            "lost":{
                "total":0.0,
                "average":0.0,
                "max":0.0
            }
        },
        "won":0,
        "lost":0
    },
    "len":{
        "total":729,
        "average":25.137931034482758,
        "max":69,
        "min":1,
        "won":{
            "total":295,
            "average":36.875,
            "max":69,
            "min":1
        },
        "lost":{
            "total":434,
            "average":20.666666666666668,
            "max":59,
            "min":2
        },
        "long":{
            "total":729,
            "average":25.137931034482758,
            "max":69,
            "min":1,
            "won":{
                "total":295,
                "average":36.875,
                "max":69,
                "min":1
            },
            "lost":{
                "total":434,
                "average":20.666666666666668,
                "max":59,
                "min":2
            }
        },
        "short":{
            "total":0,
            "average":0.0,
            "max":0,
            "min":9223372036854775807,
            "won":{
                "total":0,
                "average":0.0,
                "max":0,
                "min":9223372036854775807
            },
            "lost":{
                "total":0,
                "average":0.0,
                "max":0,
                "min":9223372036854775807
            }
        }
    }
}