,macd_fast,macd_slow,macd_signal,annual_return,sqn,trades
0,11,14,36,15.04032242971117,0.5371955197987175,54
1,19,53,24,14.6316209626701,0.5410846464459328,38
2,17,48,29,14.498071827748367,0.5328981680340724,38
3,12,13,35,14.354841547595912,0.4701933078505945,53
4,19,51,25,14.349355156086444,0.5037759102445944,38
