,macd_fast,macd_slow,macd_signal,annual_return,sqn,trades
0,12,16,16,26.618156248339425,1.760940934194874,55
1,12,15,17,26.187178802122368,1.7483161699805254,55
2,17,37,16,26.151298611557397,1.9496398980074376,40
3,16,37,17,26.151298611557397,1.9496398980074376,40
4,17,40,15,25.828780864294075,1.93086503381026,42
