,macd_fast,macd_slow,macd_signal,annual_return,sqn,trades
0,1,10,5,25.108845417791525,1.5020811306284776,227
1,2,14,3,24.642033285436533,1.8357154821556976,201
2,2,10,4,24.429843811997344,1.7108379468827948,192
3,2,12,3,24.08892931208113,1.6353200073921357,205
4,2,13,3,23.183907521682244,1.727165794832992,205
