,macd_fast,macd_slow,macd_signal,annual_return,sqn,trades
0,11,10,20,11.997856627209943,2.097492156084761,82
1,12,10,19,11.418617292132438,2.0350555756155946,85
2,11,10,12,11.138759537899858,1.7721521520719434,89
3,11,10,19,11.135420753652353,1.903662837838228,82
4,12,10,13,11.013895253065414,1.722574833592908,91
