,macd_fast,macd_slow,macd_signal,annual_return,sqn,trades
0,14,13,3,20.095728928916174,2.911432370837322,132
1,17,10,3,19.56970435631896,2.4468407200905613,138
2,17,12,3,19.48169045184675,2.85443855825228,133
3,16,11,3,19.12336684814757,2.833401031809637,131
4,15,12,3,18.91915561205497,2.80733276763632,131
