,macd_fast,macd_slow,macd_signal,annual_return,sqn,trades
0,4,16,3,18.03075871854607,2.1506430062234423,175
1,3,16,4,17.574211500768122,2.0441708624995547,175
2,4,15,3,15.760560687627418,1.900101026636289,180
3,17,10,3,15.310612005651103,1.593172773931246,134
4,3,17,4,15.07073688308689,1.7130204958876236,181
