,macd_fast,macd_slow,macd_signal,annual_return,sqn,trades
0,19,56,39,22.10917296925779,1.1329755796359942,29
1,19,58,38,21.758136077871505,1.1227524732760397,29
2,19,57,39,21.66950378131253,1.0919815483216382,29
3,19,57,38,21.64499970879402,1.112319512045575,29
4,17,46,18,21.30325535147625,1.1266549809416158,39
