,macd_fast,macd_slow,macd_signal,annual_return,sqn,trades
0,11,15,4,18.58814058466865,1.2163248129137063,110
1,8,21,4,18.21729220480031,1.159704033326158,112
2,7,23,4,18.07618391369378,1.178557993571372,119
3,7,24,4,18.009360645214187,1.1576092276975856,119
4,7,20,5,17.77545905704936,1.1634218870465147,108
