,macd_fast,macd_slow,macd_signal,annual_return,sqn,trades
0,1,59,23,8.233280999613203,1.745084462548839,122
1,1,56,24,8.060993936811824,1.6961534448286764,123
2,1,23,32,8.026995391443148,1.7815737014077515,143
3,2,37,17,8.023321275560482,2.0429988053199426,104
4,1,23,34,8.00751147607908,1.7858987629950882,138
