,macd_fast,macd_slow,macd_signal,annual_return,sqn,trades
0,18,11,3,22.60772294633661,3.455519960741634,136
1,19,11,3,22.292736793414907,3.418418176329657,135
2,17,11,3,21.763162409697443,3.417948531646993,140
3,15,13,3,21.32455826460272,3.3630210390148507,134
4,16,12,3,21.17309664331144,3.3550656910958265,136
