,macd_fast,macd_slow,macd_signal,annual_return,sqn,trades
0,1,12,4,15.879554536502395,1.6973182079910882,314
1,1,11,4,15.653759205866187,1.6558333033218375,312
2,1,19,4,14.837480124637247,1.7205912077472072,301
3,1,13,5,14.739407312617706,1.624300995953032,294
4,1,13,4,14.445926555063826,1.521992935503157,313
