,macd_fast,macd_slow,macd_signal,annual_return,sqn,trades
0,17,58,13,20.258048751145733,2.413446961780377,45
1,13,58,17,19.53887247333121,2.363944911204947,46
2,18,57,12,19.488081716015675,2.272363513893609,46
3,12,58,18,19.44126117856233,2.258291581489412,46
4,19,59,11,19.31889506218912,2.317407935716575,45
