,macd_fast,macd_slow,macd_signal,annual_return,sqn,trades
0,2,34,38,39.96696560662748,1.4741614301095378,78
1,2,33,39,39.15930791073599,1.4524220737771802,78
2,2,32,39,38.72617322534963,1.2596697643004326,81
3,2,34,37,38.46213203681996,1.4630925406507227,80
4,2,33,38,37.98393335593728,1.254441568107026,81
