,macd_fast,macd_slow,macd_signal,annual_return,sqn,trades
0,17,18,35,29.682376506026475,2.181587409183624,39
1,15,21,34,29.682376506026475,2.181587409183624,39
2,14,23,33,29.475199106704974,2.172523310894667,40
3,16,19,35,29.28210659508496,2.1645250754317527,40
4,11,27,13,29.223423941520544,1.9636062179018696,54
