,macd_fast,macd_slow,macd_signal,annual_return,sqn,trades
0,6,23,4,13.379083980296826,1.4053178032329836,114
1,5,27,4,13.149024415773924,1.3373262857195047,120
2,4,27,5,13.149024415773924,1.3373262857195047,120
3,6,22,4,13.104845851481665,1.3862569679712125,115
4,5,28,4,13.061673135064938,1.3304549420433098,120
