,macd_fast,macd_slow,macd_signal,annual_return,sqn,trades
0,18,13,6,16.088287704895762,1.9430463752188032,85
1,19,12,6,15.015365554438464,1.8860283364871888,85
2,16,14,6,14.98376624960836,1.8558709520062573,84
3,17,13,6,14.943507202774803,1.8798051960126925,84
4,19,10,7,14.943401557072558,1.8579203116308367,83
