,macd_fast,macd_slow,macd_signal,annual_return,sqn,trades
0,1,13,19,18.177692868619797,2.4990496096299184,197
1,1,12,21,17.94321685685267,2.4759884877675264,197
2,1,50,6,17.806965085689253,2.357208527731131,235
3,1,19,13,17.774586945991988,2.4735035950409707,197
4,1,22,11,17.557557840949187,2.4314785057897432,206
