,macd_fast,macd_slow,macd_signal,annual_return,sqn,trades
0,2,52,39,21.5481072816482,1.2238436997505988,38
1,10,58,35,20.445104729750444,1.1893450209208296,18
2,9,56,39,20.37192505100133,1.1809037684099326,18
3,14,59,21,20.358327770793306,1.2712054852925745,19
4,10,55,37,20.25305711781585,1.1948720881093315,18
