,macd_fast,macd_slow,macd_signal,annual_return,sqn,trades
0,1,55,38,15.771180679620633,2.094824732460111,83
1,1,54,39,15.771180679620633,2.095500397135819,82
2,11,36,3,15.46690811658324,1.86693784036236,115
3,1,58,38,15.341460171390745,2.124061276282011,82
4,10,45,3,15.307025814536814,1.833097071095396,111
