,macd_fast,macd_slow,macd_signal,annual_return,sqn,trades
0,1,10,4,22.58210102880725,1.8325599583948624,290
1,1,10,3,21.965402407671657,1.6630380553844064,318
2,1,11,3,21.203851373520223,1.5698207700957547,314
3,1,11,4,19.86712011482626,1.6358922804362075,287
4,1,12,3,18.112622712302876,1.4502602601311363,314
