,macd_fast,macd_slow,macd_signal,annual_return,sqn,trades
0,4,11,5,22.95580148026971,2.0118660240630843,152
1,5,11,4,22.903089636072583,2.0073974462953257,152
2,2,11,6,22.657015065359047,1.8518708272597693,189
3,2,11,5,22.35173123076229,1.7805820599751647,206
4,2,13,5,21.420902445411876,1.749951637983187,196
