,macd_fast,macd_slow,macd_signal,annual_return,sqn,trades
0,18,14,25,48.110493146510166,3.695037999467023,18
1,19,15,22,47.88506365096596,3.69552772993634,18
2,17,16,23,47.465370604994185,3.6957223985164944,18
3,19,14,23,46.73853117727542,3.58290777812888,18
4,17,15,24,46.73853117727542,3.58290777812888,18
