,macd_fast,macd_slow,macd_signal,annual_return,sqn,trades
0,4,15,6,51.78172828077536,2.827733412176144,131
1,4,16,5,51.73664733672477,2.752841984615715,143
2,3,16,7,50.54368747822892,2.7243769571235443,138
3,4,13,7,50.00640676188246,2.761949129198619,129
4,3,14,8,49.75468156854457,2.827736129933004,135
