,macd_fast,macd_slow,macd_signal,annual_return,sqn,trades
0,13,12,4,6.3440276846863695,1.0280634083004865,108
1,16,10,4,6.201537117718686,1.004127052555522,109
2,17,15,39,5.864241132706128,0.5705898453602094,53
3,18,12,3,5.606190888359221,0.8181121747989301,115
4,18,14,39,5.591902371037883,0.5553910749321073,54
