,macd_fast,macd_slow,macd_signal,annual_return,sqn,trades
0,7,33,3,29.121436691788965,1.290671821937956,124
1,5,41,4,28.81583403397164,1.3413810692906605,123
2,7,32,3,28.681635066691783,1.2698907690907126,125
3,3,30,8,28.54874916510928,1.3803212135403575,115
4,4,41,5,28.482107915951843,1.3187446749760634,123
