,macd_fast,macd_slow,macd_signal,annual_return,sqn,trades
0,16,10,4,15.91648473701295,2.8171764760568574,127
1,19,16,11,15.860266549927497,3.644654470127134,68
2,18,17,11,15.818695986805407,3.5619183347838312,70
3,14,11,4,15.393660630366911,2.7850419522335708,126
4,13,12,4,15.151104828761778,2.7574265697450198,125
