,macd_fast,macd_slow,macd_signal,annual_return,sqn,trades
0,4,55,9,22.400493771753197,2.275554357681922,78
1,4,56,9,22.27577095774624,2.292082893714478,78
2,4,54,9,22.260106975799875,2.2908312395673667,79
3,3,53,12,22.22028686382933,2.4602931727363577,78
4,4,53,9,22.181199284336312,2.2757714683598715,79
