,macd_fast,macd_slow,macd_signal,annual_return,sqn,trades
0,1,10,3,38.02040850714916,2.6905189985738467,302
1,1,11,3,37.524628578103474,2.5671667558303053,302
2,1,12,3,37.42542999619564,2.730043923241255,295
3,1,10,4,36.20024871919962,2.8059937255939635,268
4,1,18,10,35.597955200215885,2.5865718067741774,184
