,macd_fast,macd_slow,macd_signal,annual_return,sqn,trades
0,12,11,4,28.221983666635325,2.5288487842764558,133
1,12,10,4,27.42769966388603,2.4720266872121908,134
2,13,10,4,27.312317936327545,2.467884119286609,136
3,2,20,3,25.49736743537815,1.9653561196928035,236
4,2,19,3,25.462192949172547,2.2882464136050777,240
