,macd_fast,macd_slow,macd_signal,annual_return,sqn,trades
0,17,16,19,14.83807207117462,2.277779740277852,57
1,17,15,20,14.64579647170229,2.2526711341591144,57
2,19,11,19,14.487687571140556,2.574903289872339,66
3,18,15,19,14.424616494613137,2.23816223580788,57
4,16,13,20,14.383604965792255,2.404351927088778,63
