,macd_fast,macd_slow,macd_signal,annual_return,sqn,trades
0,11,10,3,16.60103297038763,1.8129838774037557,163
1,12,10,3,16.153699462908264,1.8371750222197056,154
2,11,10,4,13.94296786006374,1.5169234102316964,136
3,13,10,3,13.25739375408296,1.461079167731096,149
4,12,11,3,12.717852510050308,1.4214459526215604,149
