,macd_fast,macd_slow,macd_signal,annual_return,sqn,trades
0,12,11,4,19.558469844499683,2.1668143074498154,138
1,16,15,26,18.67599856258754,3.587405067909466,58
2,17,15,20,18.633437412191217,3.4592487323123,58
3,17,12,4,18.59120875352402,2.0807781908715373,116
4,18,15,19,18.548046558335862,3.4670915912466285,58
