,macd_fast,macd_slow,macd_signal,annual_return,sqn,trades
0,1,44,4,18.710992661133048,1.7814039506044068,256
1,1,43,4,18.10769012699909,1.698646217356086,256
2,4,11,4,17.928565748224017,1.7609706117353074,162
3,2,39,3,17.83389640947321,1.884656538702434,217
4,4,12,3,17.69532583522863,1.5603417044896497,183
