,macd_fast,macd_slow,macd_signal,annual_return,sqn,trades
0,1,13,14,27.187599363008477,2.049511305423458,151
1,1,15,12,26.787134764870352,2.0390693832522304,151
2,1,14,13,26.47450606397292,2.02846450071998,151
3,1,13,13,26.155354184240935,2.0618025947396053,153
4,19,58,39,25.99140081610271,1.2610664719779576,24
