,macd_fast,macd_slow,macd_signal,annual_return,sqn,trades
0,19,49,28,23.742313397060613,2.278174823328677,30
1,19,46,30,23.679171435691437,2.2847175015760026,29
2,19,48,29,23.58502159584824,2.288345466206633,29
3,18,48,30,23.548343351634987,2.2706234598187423,30
4,18,47,31,23.547012948870744,2.273579876655941,30
