,macd_fast,macd_slow,macd_signal,annual_return,sqn,trades
0,10,12,3,16.991500109427943,1.8738356292814051,136
1,5,25,3,16.952195928025308,1.7770838169066443,152
2,5,32,3,16.47991391028977,1.8312790797886525,147
3,8,12,5,16.410376070144448,1.852516311990872,118
4,5,31,3,16.323160043618774,1.7759681041282611,147
