,macd_fast,macd_slow,macd_signal,annual_return,sqn,trades
0,15,11,35,18.34070096106501,2.995432837216248,58
1,15,11,34,17.666437473413474,2.814034293020336,58
2,16,11,32,17.62396260455494,2.98629936808942,57
3,15,11,33,17.593145103819786,2.8896703508377315,57
4,16,11,31,17.430536826261715,2.8914567820504944,57
