,macd_fast,macd_slow,macd_signal,annual_return,sqn,trades
0,1,59,39,20.877751431784425,1.9561470175251048,96
1,1,57,36,19.20792865321829,1.7920024923122484,102
2,1,55,37,19.178691070760493,1.7898492789187428,102
3,1,59,35,19.11075318975641,1.7878173827153991,102
4,5,51,14,19.055871443043195,1.5152978915977056,70
