,macd_fast,macd_slow,macd_signal,annual_return,sqn,trades
0,18,52,7,11.18668304290718,1.2494600959556248,22
1,18,53,7,11.18668304290718,1.2494600959556248,22
2,18,54,7,11.18668304290718,1.2494600959556248,22
3,19,53,6,10.946329483359913,1.2124027564812256,23
4,18,55,7,10.818030462223192,1.2064012377314688,22
