,macd_fast,macd_slow,macd_signal,annual_return,sqn,trades
0,18,10,28,21.114976021491227,4.471853792651774,62
1,16,11,29,21.10160200850841,4.462854850918857,62
2,16,13,30,21.043681311386507,4.004918825899519,60
3,17,11,27,20.918249307858925,4.404398112274017,62
4,15,12,28,20.90250229730633,4.402099649764468,62
