,macd_fast,macd_slow,macd_signal,annual_return,sqn,trades
0,17,15,21,11.52731112697784,1.8095970885901,47
1,17,16,17,10.723580704323792,1.7104689300033276,51
2,17,15,18,10.721058899561278,1.6964857237087163,51
3,18,15,20,10.12669694267086,1.5866163409483809,46
4,16,15,27,10.033583150008994,1.6949644902539325,49
