,macd_fast,macd_slow,macd_signal,annual_return,sqn,trades
0,1,33,19,26.64760357202089,2.3514250665774985,140
1,1,36,18,25.730745391257148,2.266558622068828,137
2,1,35,18,25.588828044451866,2.2579849221387023,140
3,11,25,3,25.31032777449667,2.1682488645969418,114
4,1,36,16,25.221928949706182,2.2179947001516185,147
