,macd_fast,macd_slow,macd_signal,annual_return,sqn,trades
0,15,58,31,16.689204698686908,1.6666169694590676,31
1,15,17,29,16.652428940420016,1.6748800601929266,49
2,13,54,38,16.62801059333979,1.609799176464427,32
3,13,54,39,16.49591728640911,1.5686381394526645,32
4,15,54,33,16.474148602256562,1.659045408572538,33
