,macd_fast,macd_slow,macd_signal,annual_return,sqn,trades
0,19,11,5,18.907406388029585,2.1125390210650736,113
1,16,15,4,18.857225656503367,2.086877748916231,118
2,17,12,5,18.82030663915252,2.1037370835074376,113
3,18,14,4,18.769073037764,2.069772584995426,116
4,18,13,4,18.731061780668824,2.087804619805509,119
