,macd_fast,macd_slow,macd_signal,annual_return,sqn,trades
0,17,59,19,24.630979698666103,0.9836810158561542,33
1,18,59,18,24.630979698666103,0.9836810158561542,33
2,16,59,20,24.630979698666103,0.9836810158561542,33
3,19,59,17,24.630979698666103,0.9836810158561542,33
4,17,58,19,23.96255859906609,0.9724258361409522,33
