,macd_fast,macd_slow,macd_signal,annual_return,sqn,trades
0,2,30,7,16.713283854636117,1.5890826989402935,162
1,3,37,6,16.414795854156562,1.4653012728136818,139
2,3,36,6,16.331811955522053,1.4548613684969838,139
3,2,29,7,15.73331737474328,1.5128065129979624,161
4,1,25,12,15.731130257156256,1.4705957504489735,187
