,macd_fast,macd_slow,macd_signal,annual_return,sqn,trades
0,15,53,4,35.50022655547557,2.686195581831668,36
1,14,56,4,34.58671232640611,2.65619337379199,35
2,14,55,4,34.58671232640611,2.65619337379199,35
3,15,52,4,34.19276976223246,2.5663496712033944,37
4,15,54,4,33.73340141812919,2.43974229431858,36
