,macd_fast,macd_slow,macd_signal,annual_return,sqn,trades
0,10,11,20,11.066918484400151,1.7578851300531162,76
1,10,11,18,10.89726739513403,1.789252414671505,75
2,10,11,21,10.845357223517505,1.6776725846255194,74
3,10,11,17,10.746303706649428,1.8241981897845807,78
4,10,11,16,10.60041261221911,1.7433739883951307,79
