,macd_fast,macd_slow,macd_signal,annual_return,sqn,trades
0,17,13,8,7.017795600430178,1.8861536352545745,59
1,14,13,10,7.0023709743651965,1.872988157430597,58
2,17,12,9,6.968614966943464,1.860444840662581,58
3,18,12,8,6.85200274607562,1.8548375364057168,59
4,18,11,9,6.812370258227764,1.844785752298913,57
