,macd_fast,macd_slow,macd_signal,annual_return,sqn,trades
0,8,59,22,13.61149195757265,1.5211626526555246,39
1,9,55,22,13.389027037420828,1.470628571370316,39
2,9,59,21,13.335963642254235,1.473879551150352,39
3,10,57,20,13.204098086747074,1.4350425876505284,40
4,9,54,23,13.195920172383657,1.4568324969498003,38
