,macd_fast,macd_slow,macd_signal,annual_return,sqn,trades
0,2,31,14,24.85086242963678,1.8320076010615656,103
1,3,13,29,24.435496415635612,1.7220190071521977,94
2,2,30,15,24.37261014554901,1.835105293533651,101
3,3,13,30,24.336614744489136,1.7337019284514985,94
4,3,15,28,24.330880839774867,1.6501107354584243,94
