,macd_fast,macd_slow,macd_signal,annual_return,sqn,trades
0,2,18,6,16.641884962067465,1.8491949865896131,176
1,4,14,3,15.762437525945357,1.7849683917660362,188
2,3,13,8,15.631755253310637,1.4974889688409638,149
3,2,16,8,15.43349021402229,1.6698473061040913,162
4,2,17,8,15.42806263138412,1.634418022596561,164
