,macd_fast,macd_slow,macd_signal,annual_return,sqn,trades
0,2,50,39,11.440517902449264,1.6379523058620775,74
1,2,52,38,11.222566777412965,1.6201587649907274,72
2,2,53,37,10.936475594578152,1.559133503382219,74
3,2,48,39,10.914904326143024,1.5217400865381152,76
4,2,51,37,10.914904326143024,1.5217400865381152,76
