,macd_fast,macd_slow,macd_signal,annual_return,sqn,trades
0,1,27,38,26.364919135172592,1.7056969966812607,106
1,1,28,36,25.873273999121555,1.8077004452244043,108
2,1,28,32,25.683019396441587,1.884719683491752,116
3,1,28,35,25.5641343408579,1.8214130654980365,110
4,1,27,36,25.509974420028048,1.826837542569656,112
