,macd_fast,macd_slow,macd_signal,annual_return,sqn,trades
0,3,13,8,17.613131884366588,1.7522336989691032,153
1,1,10,22,17.38549650005406,1.8275574550620657,204
2,3,11,9,17.279555728416412,1.6852431051533296,155
3,1,17,11,17.17903158654788,1.952072837510128,206
4,1,10,21,17.118292529443412,1.8441676347253924,206
