,macd_fast,macd_slow,macd_signal,annual_return,sqn,trades
0,11,10,30,7.723574851967154,1.4258583356390586,69
1,8,59,7,7.640535163338978,1.4464107502310977,73
2,11,10,28,7.5774056647492625,1.350939533919372,67
3,11,10,29,7.433078035249693,1.39047890941996,68
4,13,11,33,7.43073862973942,1.235551326405602,60
