,macd_fast,macd_slow,macd_signal,annual_return,sqn,trades
0,5,10,6,16.241798484810847,2.371750992256679,138
1,4,11,7,15.90636536477891,2.34293260976004,138
2,6,10,5,15.874906935563208,2.335218028846457,139
3,4,10,7,15.52705745884317,2.3887506490003063,146
4,6,26,3,15.301511878495136,2.0155924507863467,143
