,macd_fast,macd_slow,macd_signal,annual_return,sqn,trades
0,19,16,4,21.17898505873073,3.181119676252148,102
1,19,15,4,20.636574653316927,3.170995160458411,102
2,18,17,4,20.52739149090769,3.136891116076276,101
3,18,16,4,19.97421283882316,3.044540223782506,101
4,14,11,8,19.87963744153889,3.200597569446672,93
