,macd_fast,macd_slow,macd_signal,annual_return,sqn,trades
0,19,26,3,39.815305775981294,1.2474748452004918,26
1,3,20,25,38.85370563347045,1.1179995902515945,25
2,3,21,24,38.85370563347045,1.1179995902515945,25
3,16,27,3,38.56475611725871,1.2274672262034123,26
4,15,30,3,38.26500060048672,1.2242721470557247,26
