,macd_fast,macd_slow,macd_signal,annual_return,sqn,trades
0,1,21,14,26.657301256881137,1.826643833814501,191
1,1,23,13,25.88574788610711,1.80367435665775,195
2,1,22,14,24.60372150181383,1.7698343576545406,189
3,1,25,13,24.58509068536109,1.7787730741592052,194
4,1,27,12,24.563911190868595,1.7767645467597273,195
