,macd_fast,macd_slow,macd_signal,annual_return,sqn,trades
0,11,10,3,20.24188336329634,1.7719968233721315,146
1,16,17,14,18.49237977981523,1.8640370058956488,65
2,13,21,14,17.96401571361195,1.807940519761216,66
3,15,18,16,17.817517784980346,1.7941142172868252,63
4,12,25,14,17.770755188846955,1.8012168767614989,67
