,macd_fast,macd_slow,macd_signal,annual_return,sqn,trades
0,19,14,3,14.259349612849324,2.8993070602151034,93
1,18,15,3,13.50423751898166,2.8025066924253226,91
2,17,16,3,13.321007220647166,2.762163294709129,91
3,19,11,3,12.899815075518752,2.6831607758114795,102
4,19,13,3,12.536581595373637,2.655411904715478,92
