,macd_fast,macd_slow,macd_signal,annual_return,sqn,trades
0,12,10,25,17.63324397141392,1.5537496538963318,78
1,12,10,26,16.986374548588138,1.578985548475666,78
2,11,10,28,16.82952359286871,1.4995301683686195,77
3,11,10,32,15.53914607507155,1.3926872067541598,75
4,11,10,27,15.22154008044881,1.3222409924353602,78
