,macd_fast,macd_slow,macd_signal,annual_return,sqn,trades
0,2,14,3,8.932270954565267,0.7552695850953389,50
1,2,15,3,8.281670382533864,0.7006066303326887,48
2,2,13,3,7.6990100190801,0.654304862451726,51
3,7,14,11,6.6685292095594,1.2865468836884764,18
4,2,12,3,6.541774656633964,0.5666408031349239,52
