,macd_fast,macd_slow,macd_signal,annual_return,sqn,trades
0,1,12,5,15.056354942727909,1.8507336774521697,275
1,1,13,4,14.613572265781896,1.8156021843556251,298
2,1,13,5,14.54027982067156,1.7830870276770086,269
3,1,11,5,14.278119621676346,1.7460398621990818,279
4,1,28,4,14.147619031945656,1.868448380411843,267
