,macd_fast,macd_slow,macd_signal,annual_return,sqn,trades
0,7,47,3,17.83110752043222,1.635380758926099,125
1,3,47,7,17.24641788356078,1.575212531981996,124
2,6,47,4,16.780126791218166,1.5758833501297438,117
3,7,48,3,16.45275693496059,1.4888285841607674,124
4,7,46,3,16.38411943470143,1.4492223310893824,127
