,macd_fast,macd_slow,macd_signal,annual_return,sqn,trades
0,2,28,25,21.758361405206365,1.1563142254648144,90
1,2,31,23,21.600505200050744,1.154235679497747,90
2,2,29,24,21.375104512954188,1.140651218849374,92
3,2,33,22,21.294137767339592,1.138580299563391,88
4,18,34,3,21.205984626909192,1.273888312816076,80
