,macd_fast,macd_slow,macd_signal,annual_return,sqn,trades
0,2,11,4,16.848418130434716,1.4844902805793176,214
1,2,10,4,16.706796029762327,1.5372008060667992,218
2,3,11,3,15.86324898066,1.4765708048922974,205
3,4,11,4,15.148125490626413,1.6070876301492183,163
4,2,12,4,14.995648233728016,1.3593923980948397,214
