,macd_fast,macd_slow,macd_signal,annual_return,sqn,trades
0,13,16,21,10.118307991286237,1.4363183324488378,55
1,11,20,19,10.10645389166526,1.4282170124783615,55
2,14,15,21,10.10143506759326,1.4334130337896085,55
3,11,17,23,10.075974125058618,1.4262139119474444,55
4,13,17,20,10.028119454022102,1.4203451802312144,55
