,macd_fast,macd_slow,macd_signal,annual_return,sqn,trades
0,2,15,5,19.82641786669301,1.6265436606338923,199
1,2,14,5,19.31063710246009,1.6025131491328928,203
2,1,13,7,18.999268062105383,1.6232195909825735,246
3,1,10,10,18.98274819846748,1.6199541984567314,237
4,1,23,5,18.96271307910939,1.5235059358356502,255
