,macd_fast,macd_slow,macd_signal,annual_return,sqn,trades
0,12,10,6,17.06918063495091,2.124976278113363,118
1,16,13,12,16.69284185384792,1.9054823179954732,71
2,16,14,11,16.641650469857776,1.9064635750248555,72
3,17,13,11,15.803527709844836,1.8647379765885068,72
4,13,10,6,15.739242543669596,1.9342481148425557,114
