,macd_fast,macd_slow,macd_signal,annual_return,sqn,trades
0,2,52,25,29.09123399609792,1.7076639784322272,53
1,2,49,26,29.07134597101851,1.7306448432492745,53
2,2,50,26,28.846302470710967,1.7233383846580652,53
3,2,51,25,28.68165844555321,1.7495470310635115,53
4,2,53,24,28.02744956149948,1.6892224222352217,55
