,macd_fast,macd_slow,macd_signal,annual_return,sqn,trades
0,6,18,23,24.221698560817035,2.251732370052544,66
1,6,18,22,24.01874107608547,2.2901259249354853,66
2,6,17,23,23.88751986954551,2.218723399218982,66
3,6,18,21,23.7698774949114,2.2682704260422577,65
4,6,19,20,23.538580059269517,2.261960164638606,65
