,macd_fast,macd_slow,macd_signal,annual_return,sqn,trades
0,15,12,19,8.751653661070002,1.6799920178368952,65
1,16,11,19,8.744282801928978,1.7095356792148508,66
2,19,11,16,8.67575848742043,1.7000100797549695,66
3,18,11,17,8.225806080198463,1.6048841460614736,65
4,17,11,18,8.225806080198463,1.6048841460614736,65
