,macd_fast,macd_slow,macd_signal,annual_return,sqn,trades
0,19,11,3,13.399181711894906,2.338265021763062,125
1,18,11,3,13.338089851646998,2.3865916784497188,125
2,15,13,3,13.096678981313978,2.3685585257653496,125
3,16,12,3,12.92866512776138,2.3535946486145605,124
4,19,10,3,12.858822108386224,2.346459719871639,126
