,macd_fast,macd_slow,macd_signal,annual_return,sqn,trades
0,19,49,3,8.30980084985624,1.1555954192354128,80
1,18,50,3,8.261377291176208,1.1551022487149265,81
2,18,49,3,8.254724472600481,1.1426493990574071,82
3,19,50,3,8.008916332911275,1.0746641541710398,79
4,19,46,3,7.817780077004823,1.100187881083546,82
