,macd_fast,macd_slow,macd_signal,annual_return,sqn,trades
0,2,11,3,8.485628438177974,1.2158271616975154,245
1,2,12,3,7.840963058835386,1.1207210419626012,242
2,5,34,3,7.651804444341255,1.1769752755956142,148
3,1,26,4,7.187481389555889,1.0266849332269958,262
4,2,10,3,7.110472016510898,0.900409975531565,252
