,macd_fast,macd_slow,macd_signal,annual_return,sqn,trades
0,3,12,3,21.57010151918322,2.002627282278321,217
1,2,10,5,21.40893047838983,1.9434655316306704,219
2,2,19,6,21.35525957346191,2.075695336746078,177
3,11,10,3,20.555699264460525,2.92108939777957,150
4,2,20,6,20.5339003753176,2.017297724498399,178
