,macd_fast,macd_slow,macd_signal,annual_return,sqn,trades
0,7,45,20,28.63495828748302,1.5402572885283583,50
1,5,59,21,28.478874692115618,1.4598490956675672,57
2,7,52,18,28.426196484072385,1.548145714279021,52
3,5,55,21,28.35597257312096,1.4648609579095893,59
4,7,50,18,28.113718057316422,1.5298908234884103,53
