,macd_fast,macd_slow,macd_signal,annual_return,sqn,trades
0,1,14,6,19.323177725014663,2.079683969644579,252
1,1,19,5,19.02674702136992,2.109884642010176,254
2,19,42,9,18.90460886293983,1.029437424518794,57
3,1,17,5,18.84970516013444,1.99917119462587,258
4,1,18,5,18.603202663900717,1.997491952363832,259
