,macd_fast,macd_slow,macd_signal,annual_return,sqn,trades
0,18,52,3,28.36513489966588,2.644010849244768,78
1,18,53,3,27.90265654471033,2.655417026444839,79
2,19,48,3,27.790944639866037,2.5809287982481286,79
3,17,58,3,27.653082538326647,2.630924259145841,79
4,16,53,4,27.509408603713304,2.43598790163525,71
