,macd_fast,macd_slow,macd_signal,annual_return,sqn,trades
0,3,19,15,25.879911816813767,1.989120606588432,103
1,15,19,3,25.543634193252235,1.96613221904906,104
2,3,18,16,25.441358170443397,1.974319953631578,101
3,3,17,17,25.11380880707484,1.9577648957283424,101
4,16,18,3,25.017525703344965,1.9400544180709096,102
