,macd_fast,macd_slow,macd_signal,annual_return,sqn,trades
0,1,37,8,35.249399379461785,2.0501896094472243,163
1,1,34,8,35.23164469405036,2.081792541550663,162
2,1,12,24,35.09501855997589,1.80895318913281,151
3,1,42,7,34.995556105644205,2.124537630957545,171
4,1,35,8,34.91731946933065,2.0738682440644576,163
