,macd_fast,macd_slow,macd_signal,annual_return,sqn,trades
0,3,43,4,31.69281814752334,1.4346937137432894,51
1,4,43,3,31.69281814752334,1.4346937137432894,51
2,3,42,4,31.69281814752334,1.4346937137432894,51
3,4,42,3,31.69281814752334,1.4346937137432894,51
4,4,44,3,31.3504565043625,1.4171289099646722,50
