,macd_fast,macd_slow,macd_signal,annual_return,sqn,trades
0,2,37,13,34.70785692125419,1.6512365248153764,31
1,2,40,12,34.70785692125419,1.6512365248153764,31
2,2,41,12,34.70785692125419,1.6512365248153764,31
3,2,37,15,33.63058918619848,1.6083936184423349,31
4,2,39,12,33.606553345811335,1.5767262177506431,31
