,macd_fast,macd_slow,macd_signal,annual_return,sqn,trades
0,2,37,10,23.754256109738968,1.3442852488935113,119
1,3,13,21,23.478385829758647,1.387943854181423,102
2,3,12,23,23.47031787776728,1.3828520257212842,103
3,4,12,8,23.188309783810865,1.3927182047117337,121
4,2,38,10,23.061779362277,1.284846743033674,120
