,macd_fast,macd_slow,macd_signal,annual_return,sqn,trades
0,1,12,4,10.007739766365088,1.2784995588575288,184
1,1,14,3,9.338771430440412,1.1907250846631772,199
2,1,12,3,8.91024750595288,1.1179634272738304,210
3,1,13,3,8.811619005257665,1.1032320412363086,204
4,1,14,4,8.771664391643192,1.1091194547574093,182
