,macd_fast,macd_slow,macd_signal,annual_return,sqn,trades
0,3,17,4,23.01302243181256,2.090497959335863,177
1,19,35,37,22.95635611992852,1.868962400204184,32
2,19,37,35,22.86638120758545,1.83969243744209,32
3,19,36,36,22.77715705530789,1.8364886620456116,32
4,18,36,38,22.727512899403425,1.9011892285820955,32
