,macd_fast,macd_slow,macd_signal,annual_return,sqn,trades
0,14,12,3,18.904555927399773,2.2862648958155574,138
1,15,11,3,18.50229000195723,2.252042857501806,139
2,16,11,3,18.15990428496163,2.0743622692748955,136
3,19,11,3,18.15363906196459,1.9585651379125912,132
4,17,10,3,18.01764098465489,2.213883434906448,136
