,macd_fast,macd_slow,macd_signal,annual_return,sqn,trades
0,2,49,16,16.735359392027046,1.5246599060893464,94
1,2,44,17,16.53061893194793,1.4984115298004157,95
2,2,48,16,16.488326051586423,1.5042021451050989,95
3,2,41,18,16.226964161354545,1.466844381246519,94
4,2,39,19,16.20097930388764,1.4653077786804454,93
