,macd_fast,macd_slow,macd_signal,annual_return,sqn,trades
0,14,13,10,17.724249647399485,3.025163185789113,80
1,13,12,12,17.6079247930097,3.011461081783491,80
2,14,12,11,17.6079247930097,3.011461081783491,80
3,14,11,12,17.6079247930097,3.011461081783491,80
4,17,10,11,17.400244910452763,3.029046080009038,80
