,macd_fast,macd_slow,macd_signal,annual_return,sqn,trades
0,1,56,12,18.49993204397073,1.818635308074268,155
1,1,57,12,18.46180584566019,1.8144122005640528,156
2,1,58,12,17.99446019530692,1.7807742310138648,157
3,1,55,12,17.52850568971935,1.747928522563612,157
4,1,49,13,17.142118137594906,1.7111412501300305,157
