,macd_fast,macd_slow,macd_signal,annual_return,sqn,trades
0,17,13,27,20.550489514053137,2.8713633507041494,59
1,19,54,26,20.02604766506016,1.5592318742079665,35
2,16,50,33,20.02011458392528,1.610368242283289,32
3,19,57,25,20.00379110557017,1.5989256171045756,33
4,18,53,28,19.9675945803627,1.5982265701009295,33
