,macd_fast,macd_slow,macd_signal,annual_return,sqn,trades
0,1,10,3,6.973855422163731,0.2914373195231312,327
1,12,32,3,5.793093241393118,0.3251280713280751,114
2,11,35,3,5.742813064720989,0.3242380645940822,114
3,12,33,3,4.981167407749846,0.2708595389068985,115
4,10,30,3,4.886840965203536,0.2725143582180234,120
