,macd_fast,macd_slow,macd_signal,annual_return,sqn,trades
0,18,16,39,22.490060324433497,2.662128483943559,46
1,19,16,38,22.083486052424316,2.7289351269572726,45
2,18,17,36,21.68159533373651,2.6508382919568625,46
3,19,17,35,21.68130554526065,2.651917829973051,45
4,19,16,37,21.534665290994585,2.64767460735521,46
