,macd_fast,macd_slow,macd_signal,annual_return,sqn,trades
0,18,59,39,21.36660192332896,1.8986617970951465,27
1,15,55,39,21.266151810504304,1.8202976767679853,34
2,15,58,37,21.266151810504304,1.8202976767679853,34
3,15,56,38,21.14142607397761,1.8125341985231849,34
4,15,59,36,21.085622865017815,1.810815254991354,34
