,macd_fast,macd_slow,macd_signal,annual_return,sqn,trades
0,15,17,3,26.793928300033556,1.3172392405317297,16
1,19,18,18,22.352347162713965,1.699777513038294,8
2,19,18,16,20.270476509415577,1.568129569363485,8
3,19,18,17,19.44701011929567,1.5134613889366106,8
4,4,10,11,19.306432517969,0.8321482390200522,18
