,macd_fast,macd_slow,macd_signal,annual_return,sqn,trades
0,11,10,30,23.048206356092383,3.828719638778312,76
1,6,53,21,22.853118435161385,1.5526797506895138,58
2,12,10,27,22.645505583940885,3.806866176930379,72
3,12,10,29,22.57383449763092,3.840025491322353,73
4,13,10,25,22.4780806272645,3.790823465921064,71
