,macd_fast,macd_slow,macd_signal,annual_return,sqn,trades
0,16,21,37,15.620984015274413,2.496794595455541,39
1,19,20,32,15.439318989334632,2.4736728944517745,42
2,16,23,34,15.439038874668704,2.489735098720531,41
3,17,23,31,15.404986713116212,2.4725305604188748,42
4,14,23,38,15.345990749091944,2.488197169316225,39
