,macd_fast,macd_slow,macd_signal,annual_return,sqn,trades
0,12,16,29,18.06120470861697,1.6843623478772702,49
1,13,15,28,17.985591294100196,1.6841707854774708,49
2,13,15,29,17.709336937181604,1.6615595938985237,49
3,11,19,29,17.4785832432951,1.6387862566241111,49
4,11,18,29,17.34771263931662,1.651458846460954,49
