,macd_fast,macd_slow,macd_signal,annual_return,sqn,trades
0,17,16,22,4.459113874997265,1.4098002974233936,29
1,19,15,21,4.459113874997265,1.4098002974233936,29
2,18,15,22,4.384772139585224,1.3933904622261375,29
3,19,14,22,4.361475307192519,1.375900877292097,29
4,18,17,16,4.299555106133377,1.252191298697179,31
