,macd_fast,macd_slow,macd_signal,annual_return,sqn,trades
0,5,10,10,28.79485843268754,2.281015493375525,108
1,4,10,15,28.717786202061173,2.1839912012262923,103
2,4,10,16,27.45251066094793,2.1935813900441987,103
3,5,10,11,27.39891810243896,2.135647316932633,107
4,4,10,14,27.24231231313184,2.0947802042852457,106
