,macd_fast,macd_slow,macd_signal,annual_return,sqn,trades
0,17,14,3,30.1988303597733,4.066472017931033,139
1,16,11,5,29.461362434410805,4.353885171437024,126
2,19,12,3,29.29743643422006,4.079455606379718,139
3,16,15,3,29.234429148505797,3.993779758378764,139
4,17,12,4,29.18715095568885,4.378563276897936,129
