,macd_fast,macd_slow,macd_signal,annual_return,sqn,trades
0,7,16,4,8.451544540125466,1.450103887414536,127
1,7,18,4,8.42275925511198,1.454181779114222,125
2,6,12,6,8.333959751077757,1.390912683273854,125
3,4,18,7,8.322139646665033,1.438071748685046,125
4,4,16,7,8.286634860346801,1.4284405890293894,127
