,macd_fast,macd_slow,macd_signal,annual_return,sqn,trades
0,2,55,3,79.07601801299708,1.9251775968670504,86
1,2,53,3,78.25977528994584,1.923527689837448,86
2,2,54,3,78.25977528994584,1.923527689837448,86
3,2,57,3,78.02905128287485,1.929060910081136,85
4,2,56,3,77.7571973687065,1.9271563202047644,85
