,macd_fast,macd_slow,macd_signal,annual_return,sqn,trades
0,4,10,5,19.48534267687521,2.9299317617570018,163
1,3,11,6,19.089230696791727,2.757502602104945,173
2,5,10,4,18.935804357326944,2.8903436397782687,164
3,3,10,7,18.783848568980208,2.7709358167921616,161
4,2,11,10,17.414461905686764,2.590304744505304,170
