,macd_fast,macd_slow,macd_signal,annual_return,sqn,trades
0,19,29,39,59.53696902525707,1.4717828338194254,25
1,18,29,39,59.16348717321367,1.4588512090920644,28
2,19,34,29,59.01282448323004,1.6629037132444506,28
3,19,29,38,58.82199418033747,1.467752962716056,26
4,19,29,34,58.73282071091579,1.6621261354365302,28
