,macd_fast,macd_slow,macd_signal,annual_return,sqn,trades
0,10,16,9,11.414303598447075,1.8498031646353248,85
1,10,14,10,11.253342705139476,1.812897050084846,86
2,9,14,11,11.247094199943826,1.8116900570276493,86
3,9,16,10,11.232080123610364,1.807194705788214,85
4,11,12,11,11.19219021230699,1.7966993848400552,84
