,macd_fast,macd_slow,macd_signal,annual_return,sqn,trades
0,19,18,4,19.16516764159405,1.515703017670719,100
1,19,17,4,18.66294525112834,1.4696085556083736,100
2,19,15,4,18.3552721732317,1.364146109439153,107
3,19,16,4,18.28452842943897,1.3598572597488054,106
4,18,17,4,18.239626564271404,1.3576457853892674,105
