,macd_fast,macd_slow,macd_signal,annual_return,sqn,trades
0,2,41,38,14.329526602286457,1.5958971468952778,80
1,2,40,39,14.053644969975934,1.5545609184600393,80
2,2,40,34,13.984110206126976,1.5862391841076575,84
3,2,41,36,13.940063755094112,1.5865680038882977,81
4,2,42,35,13.940063755094112,1.5865680038882977,81
