sma_fast,sma_slow,annual_return,ema_fast,ema_slow
27.0,26.0,15.694913361694706,,
19.0,16.0,13.17410026532616,,
28.0,24.0,12.25127510651522,,
,,10.899103483336546,3.0,18.0
,,10.26845014464844,3.0,15.0
,,10.23582112413842,4.0,13.0
