sma_fast,sma_slow,annual_return,ema_fast,ema_slow
10.0,22.0,15.892271781496351,,
9.0,10.0,15.247968818379112,,
10.0,25.0,15.236251831135302,,
,,12.629575741608068,6.0,24.0
,,12.252679611076188,7.0,22.0
,,12.03705612544396,6.0,25.0
