{
    "rtot": 0.634875932997234,
    "ravg": 0.0003396874975908154,
    "rnorm": 0.08937185399928323,
    "rnorm100": 8.937185399928323
}