{
    "rtot": 0.3625206797623333,
    "ravg": 0.000193965050702158,
    "rnorm": 0.0500934841992097,
    "rnorm100": 5.00934841992097
}