{
    "rtot": 0.6435116907809738,
    "ravg": 0.0003443080207495847,
    "rnorm": 0.09064102665607882,
    "rnorm100": 9.064102665607882
}