{
    "rtot": 0.793531100014507,
    "ravg": 0.00042457522740209044,
    "rnorm": 0.1129264164507804,
    "rnorm100": 11.29264164507804
}