{
    "total_trades": 91,
    "won": 35,
    "lost": 56,
    "sharpe_ratio": 0.5515518705235809,
    "avg_return": 0.00038863672322375024,
    "annual_return": 0.10289269874060548,
    "sqn": 1.6318246997672519,
    "win_rate": 0.38461538461538464
}