{
    "total": {
        "total": 33,
        "open": 0,
        "closed": 33
    },
    "streak": {
        "won": {
            "current": 0,
            "longest": 2
        },
        "lost": {
            "current": 1,
            "longest": 7
        }
    },
    "pnl": {
        "gross": {
            "total": 1.6599999999999984,
            "average": 0.05030303030303025
        },
        "net": {
            "total": 1.6599999999999984,
            "average": 0.05030303030303025
        }
    },
    "won": {
        "total": 9,
        "pnl": {
            "total": 13.190000000000003,
            "average": 1.465555555555556,
            "max": 4.41
        }
    },
    "lost": {
        "total": 24,
        "pnl": {
            "total": -11.530000000000005,
            "average": -0.4804166666666669,
            "max": -2.4200000000000017
        }
    },
    "long": {
        "total": 33,
        "pnl": {
            "total": 1.6599999999999984,
            "average": 0.05030303030303025,
            "won": {
                "total": 13.190000000000003,
                "average": 1.465555555555556,
                "max": 4.41
            },
            "lost": {
                "total": -11.530000000000005,
                "average": -0.4804166666666669,
                "max": -2.4200000000000017
            }
        },
        "won": 9,
        "lost": 24
    },
    "short": {
        "total": 0,
        "pnl": {
            "total": 0.0,
            "average": 0.0,
            "won": {
                "total": 0.0,
                "average": 0.0,
                "max": 0.0
            },
            "lost": {
                "total": 0.0,
                "average": 0.0,
                "max": 0.0
            }
        },
        "won": 0,
        "lost": 0
    },
    "len": {
        "total": 872,
        "average": 26.424242424242426,
        "max": 92,
        "min": 1,
        "won": {
            "total": 387,
            "average": 43.0,
            "max": 92,
            "min": 1
        },
        "lost": {
            "total": 485,
            "average": 20.208333333333332,
            "max": 59,
            "min": 2
        },
        "long": {
            "total": 872,
            "average": 26.424242424242426,
            "max": 92,
            "min": 1,
            "won": {
                "total": 387,
                "average": 43.0,
                "max": 92,
                "min": 1
            },
            "lost": {
                "total": 485,
                "average": 20.208333333333332,
                "max": 59,
                "min": 2
            }
        },
        "short": {
            "total": 0,
            "average": 0.0,
            "max": 0,
            "min": 9223372036854775807,
            "won": {
                "total": 0,
                "average": 0.0,
                "max": 0,
                "min": 9223372036854775807
            },
            "lost": {
                "total": 0,
                "average": 0.0,
                "max": 0,
                "min": 9223372036854775807
            }
        }
    }
}