{
    "rtot": 0.7684894011869814,
    "ravg": 0.00041117677966130624,
    "rnorm": 0.10917505849328105,
    "rnorm100": 10.917505849328105
}