,sma_fast,sma_slow,annual_return
0,2,78,40.99770150199036
1,2,77,40.70353275569632
2,2,79,40.5021162066282
3,12,52,38.36576338609381
4,10,94,38.07861930079752
