,sma_fast,sma_slow,annual_return
0,9,26,17.90596883000321
1,9,27,16.146099960119255
2,3,24,15.511635054583516
3,20,30,15.04683069541872
4,11,22,14.94712671910163
