,sma_fast,sma_slow,annual_return
0,27,40,32.33925784107913
1,12,26,30.021069791882542
2,26,41,29.97246644853293
3,27,41,29.251896230487805
4,26,42,28.307800424517044
