,sma_fast,sma_slow,annual_return
0,8,53,29.6680116690337
1,28,49,29.107808082093506
2,9,53,28.275486378341697
3,27,49,27.888418238279545
4,27,48,27.65070413412297
