,sma_fast,sma_slow,annual_return
0,25,13,20.058275953878667
1,26,13,15.35277092711136
2,25,31,15.289894479227382
3,17,37,15.07135058687282
4,17,13,14.32075358884542
