,sma_fast,sma_slow,annual_return
0,10,63,29.306859007483908
1,8,35,28.910650519344628
2,11,60,28.67076277389565
3,17,42,28.628114031699653
4,8,36,28.51167001576896
