,sma_fast,sma_slow,annual_return
0,8,12,32.18762777976558
1,7,14,30.35679562318867
2,29,57,28.9093088808364
3,22,40,26.63301461466997
4,28,36,26.6201784897352
