,sma_fast,sma_slow,annual_return
0,20,12,20.57354580540385
1,16,14,20.25860895483686
2,20,19,19.94637787584349
3,17,15,19.14367791183832
4,16,15,18.879165225882502
