,sma_fast,sma_slow,annual_return
0,10,28,22.924583125432616
1,10,29,22.45605087133224
2,10,33,22.088582067981484
3,7,33,21.93605295910375
4,10,26,21.7196700303854
