,sma_fast,sma_slow,annual_return
0,16,14,16.253114105628647
1,29,72,13.377079121891908
2,29,71,13.344649862133068
3,17,13,13.193038676301285
4,28,82,12.568124007105366
