,sma_fast,sma_slow,annual_return
0,22,25,22.66535332508748
1,23,24,21.030074213111988
2,28,30,19.421348358686437
3,22,24,18.444675357273283
4,14,16,17.90931838074093
