,sma_fast,sma_slow,annual_return
0,9,58,20.25926508679664
1,7,124,20.090304748195685
2,7,123,19.5582675601949
3,7,122,19.5582675601949
4,7,121,19.412760061326747
