,sma_fast,sma_slow,annual_return
0,22,20,10.642453575872445
1,27,25,9.51550405166902
2,26,18,9.339641079214882
3,25,19,8.399500300356882
4,11,10,7.631151161508597
