,sma_fast,sma_slow,annual_return
0,1,109,38.22813045727611
1,1,108,38.19155693634282
2,3,115,38.15484580447237
3,3,114,38.15484580447237
4,22,47,37.86427719168423
