,sma_fast,sma_slow,annual_return
0,13,14,25.93896319070349
1,16,31,25.800406059751936
2,21,25,23.903315152975463
3,20,26,23.19566338090428
4,17,31,22.067905137135707
