,sma_fast,sma_slow,annual_return
0,19,30,14.163180359725969
1,22,30,13.871057883406207
2,22,29,13.297375785864691
3,16,12,13.04790763159706
4,8,10,12.423339422833106
