,sma_fast,sma_slow,annual_return
0,19,24,26.544808255752
1,17,25,26.12608103270508
2,14,25,24.06968061627841
3,12,15,22.671161159824564
4,15,19,22.47504952943931
