,sma_fast,sma_slow,annual_return
0,29,30,20.57932428412285
1,26,32,18.06604129272524
2,27,28,15.580111603060187
3,2,14,15.094269419927503
4,18,30,13.752747031663256
