,sma_fast,sma_slow,annual_return
0,2,99,45.94525897472755
1,5,136,45.461703790680566
2,6,135,45.461703790680566
3,5,137,45.461703790680566
4,27,116,44.59366069852086
