,sma_fast,sma_slow,annual_return
0,17,31,22.424991818085697
1,16,32,22.31463133129848
2,18,31,21.317246933845663
3,16,31,21.00123621912516
4,17,32,20.549546106744614
