,sma_fast,sma_slow,annual_return
0,9,30,33.10831530832039
1,20,26,31.86628406033875
2,10,64,31.437106319683014
3,2,84,30.680107646494708
4,8,51,30.67139410531423
