,sma_fast,sma_slow,annual_return
0,12,27,19.895953157203657
1,7,10,19.71129084354176
2,25,28,17.9022591789361
3,19,12,17.656743571847397
4,25,29,17.222117624809687
