,sma_fast,sma_slow,annual_return
0,18,61,24.576390429060805
1,19,60,23.867299113080467
2,19,67,21.30851370296728
3,12,28,20.942596794987164
4,19,66,20.880832860749003
