,sma_fast,sma_slow,annual_return
0,20,14,16.629773225295533
1,20,10,16.209412082411895
2,13,11,15.693133031815194
3,18,25,15.515884665141344
4,17,10,15.209938183958997
