,sma_fast,sma_slow,annual_return
0,20,13,29.908704954056223
1,18,29,25.550722777787666
2,18,14,24.47287420025033
3,19,14,23.561114049723468
4,19,28,22.489000458405904
