,sma_fast,sma_slow,annual_return
0,20,22,45.89305844327665
1,21,43,41.50770206245375
2,15,41,39.19837667317987
3,16,40,39.18616947380612
4,3,43,39.119565062360415
