,sma_fast,sma_slow,annual_return
0,12,141,26.995967647938286
1,12,140,26.995967647938286
2,12,138,26.92769982548994
3,18,121,26.03706694921985
4,17,121,25.782389281913144
