,sma_fast,sma_slow,annual_return
0,18,12,14.655025648074457
1,26,20,13.424216893174451
2,23,15,13.370622540091835
3,22,16,13.018361214414668
4,18,13,12.976984954076748
