,sma_fast,sma_slow,annual_return
0,27,84,32.08382499249744
1,11,95,31.52285621655362
2,22,78,31.407681870632253
3,11,96,31.37375640011247
4,10,101,31.03467903674355
