,sma_fast,sma_slow,annual_return
0,19,22,38.41192670710471
1,19,20,34.3278105714778
2,19,21,33.5140321054215
3,9,46,31.90574273441637
4,16,30,31.612070570550188
