,sma_fast,sma_slow,annual_return
0,12,14,10.385108995800566
1,11,14,8.706682549238865
2,13,14,8.667559687512535
3,6,26,8.455907773967656
4,27,15,8.444823253951432
