,sma_fast,sma_slow,annual_return
0,19,62,26.41513158111761
1,19,61,25.402191191435296
2,22,56,24.28361925391058
3,14,49,23.730206763669877
4,19,63,23.644895733334863
