,sma_fast,sma_slow,annual_return
0,16,14,9.047069606990682
1,21,19,7.808322259661694
2,14,13,7.2871781996512865
3,22,18,6.79437430942896
4,23,17,6.210849079621347
