,sma_fast,sma_slow,annual_return
0,19,24,20.48023844785064
1,17,39,20.242896860386956
2,13,31,20.118092201218637
3,14,31,19.855243287124384
4,13,79,19.364448969895797
