,sma_fast,sma_slow,annual_return
0,27,119,21.16670823552048
1,27,118,21.157570691351285
2,26,118,19.98890508311206
3,3,148,18.59381500068112
4,3,147,18.443693579366904
