,sma_fast,sma_slow,annual_return
0,11,52,31.779404069536994
1,11,53,30.64230779510265
2,8,54,30.308061204288123
3,7,53,28.86786481297453
4,8,55,28.79564152844248
