,sma_fast,sma_slow,annual_return
0,7,27,22.510267243515404
1,9,26,22.256638776343262
2,8,27,21.578600999108847
3,11,20,20.703721462371227
4,1,40,20.35306169594784
