,sma_fast,sma_slow,annual_return
0,13,24,29.378916080623167
1,18,47,27.477968911707706
2,18,27,27.411474889803667
3,13,14,27.346938618762056
4,23,37,25.805925266714524
