,sma_fast,sma_slow,annual_return
0,27,73,54.77021159595196
1,22,94,54.11908173969022
2,22,90,53.4196428566605
3,21,79,53.29967595536858
4,27,81,53.27754807094139
