,sma_fast,sma_slow,annual_return
0,25,19,12.98133610343288
1,25,18,11.594630649422337
2,26,18,11.228819603739275
3,26,19,10.143711382565836
4,27,18,9.55094973489714
