,sma_fast,sma_slow,annual_return
0,6,23,39.93482624340924
1,5,24,38.28265487237621
2,4,23,35.48767059164711
3,5,23,35.40407594598351
4,4,22,35.356165302872746
