,sma_fast,sma_slow,annual_return
0,17,12,11.886015394299422
1,23,21,11.096772968525292
2,3,25,10.788153960039544
3,4,23,10.335093419517982
4,8,39,10.23708410930418
