,sma_fast,sma_slow,annual_return
0,12,98,19.714937600616526
1,14,97,19.19491318473889
2,15,96,19.12484273239164
3,13,96,19.083358550576936
4,13,97,19.083358550576936
