,sma_fast,sma_slow,annual_return
0,24,45,44.15749160301542
1,28,38,43.515583055426426
2,25,40,43.19828477312296
3,10,39,42.24322511816349
4,18,46,42.21162710618141
