,sma_fast,sma_slow,annual_return
0,9,42,14.984640838573924
1,26,76,14.436173493393534
2,29,39,14.346384902416576
3,28,74,14.19994354790754
4,29,40,14.184319637772916
