,sma_fast,sma_slow,annual_return
0,26,22,26.38370239714018
1,29,25,22.68115466172283
2,7,49,22.61970639038533
3,7,47,22.39861581407899
4,16,17,19.756738262229987
