,sma_fast,sma_slow,annual_return
0,18,30,26.99153800368772
1,22,24,26.672873718899147
2,26,33,25.933475430160392
3,19,29,25.896823197995644
4,5,111,25.553605487923047
