,sma_fast,sma_slow,annual_return
0,12,38,18.97470940422421
1,17,32,18.73747701092116
2,29,26,18.41901969683814
3,26,12,18.184021420009017
4,15,33,18.132491572187647
