,sma_fast,sma_slow,annual_return
0,4,42,75.99385614839807
1,5,38,75.61639920144036
2,5,40,74.66262083369124
3,5,42,74.62029870652609
4,5,41,74.30956718755637
