,sma_fast,sma_slow,annual_return
0,18,25,9.446612975538034
1,24,18,9.160026241886433
2,16,15,9.04694754682122
3,13,35,8.88043723611208
4,16,26,8.735142304641002
