,sma_fast,sma_slow,annual_return
0,5,10,96.91474320104632
1,12,16,64.04588339017165
2,5,16,62.29815350029128
3,12,10,48.82529929430315
4,28,26,47.10883996623881
