,sma_fast,sma_slow,annual_return
0,14,10,19.754505126241785
1,25,24,17.258800013350818
2,23,13,16.32777849950155
3,28,27,16.246592857025735
4,15,10,15.913934270664605
