,sma_fast,sma_slow,annual_return
0,1,13,16.687587187380807
1,22,12,16.203215178434473
2,15,11,16.15095732996538
3,15,13,15.897180073293354
4,16,10,15.865594978561406
