,sma_fast,sma_slow,annual_return
0,18,147,34.89850151650163
1,18,141,34.409139864063135
2,5,53,34.11197936625673
3,17,142,34.047419330007415
4,17,144,33.77572922590833
