,sma_fast,sma_slow,annual_return
0,20,88,12.757893204072383
1,16,86,12.737698099327403
2,24,94,12.694359978941536
3,14,81,12.559412674670757
4,24,76,12.478275127876184
