,sma_fast,sma_slow,annual_return
0,12,47,30.381566968569924
1,4,48,30.230236257060135
2,11,50,29.65604635126285
3,15,45,29.608918335788825
4,27,54,29.481259566706868
