,sma_fast,sma_slow,annual_return
0,13,126,17.56770321518541
1,13,127,17.56770321518541
2,9,141,17.542071493358836
3,9,140,17.542071493358836
4,9,142,17.542071493358836
