,sma_fast,sma_slow,annual_return
0,16,11,18.176703985721183
1,15,12,17.866413685153876
2,16,10,17.39215668302943
3,15,11,17.31142644852782
4,17,10,17.211081862569884
