,sma_fast,sma_slow,annual_return
0,1,32,18.914409700923112
1,6,16,17.365185000722576
2,1,33,17.255355006587845
3,2,31,16.694470002432894
4,28,35,16.579193518849817
