,sma_fast,sma_slow,annual_return
0,24,44,22.24023291922663
1,24,45,21.933701179242647
2,21,25,21.793100488150195
3,20,19,21.519911097198385
4,20,18,21.374080218692107
