,sma_fast,sma_slow,annual_return
0,14,19,35.46130680487442
1,15,19,33.768865237359734
2,5,20,32.70395723589787
3,5,18,31.002670662893816
4,4,22,29.82495950870802
