,sma_fast,sma_slow,annual_return
0,23,25,23.830392730358767
1,12,44,23.20302375820993
2,12,43,22.862076600614127
3,22,25,22.77144732810697
4,11,48,20.762770789325817
