,sma_fast,sma_slow,annual_return
0,15,12,102.99514478033056
1,14,13,85.46105750789856
2,16,12,84.11128956893357
3,15,13,76.5056283889342
4,15,18,53.81989115418994
