,sma_fast,sma_slow,annual_return
0,5,15,24.448061864543654
1,25,29,22.94881427589037
2,26,38,21.0361260151448
3,21,12,20.7039648818276
4,29,45,20.475443665825964
