,sma_fast,sma_slow,annual_return
0,28,38,20.02615615742076
1,23,47,17.761199465058457
2,17,26,17.01400552690022
3,28,34,16.82431597830872
4,22,10,15.80998475164064
