,sma_fast,sma_slow,annual_return
0,17,20,27.050208892411494
1,9,18,24.94551578669924
2,5,49,24.869228118330827
3,4,49,24.71867577957405
4,4,47,24.696054611040324
