,sma_fast,sma_slow,annual_return
0,26,33,50.43027451728253
1,10,46,49.719285176427846
2,2,11,49.06041379528174
3,25,35,48.707783501242766
4,13,47,48.44760854405133
