,sma_fast,sma_slow,annual_return
0,24,37,30.48414389084531
1,26,34,26.87354478036472
2,26,33,26.37186433862109
3,25,13,25.96046973846433
4,27,30,25.88493091349765
