,sma_fast,sma_slow,annual_return
0,13,52,36.28361765069606
1,14,51,36.25589314646196
2,13,51,36.15262752240645
3,14,52,32.92725385731025
4,19,64,30.767474875433503
