,sma_fast,sma_slow,annual_return
0,28,26,31.94754745076429
1,29,26,29.361878290723848
2,28,27,26.027619437047267
3,17,20,23.98273973702371
4,29,27,21.320693686821123
