,sma_fast,sma_slow,annual_return
0,17,44,32.64362417593438
1,25,39,31.11572293565141
2,4,56,30.407403202889167
3,16,47,30.367933953643515
4,8,28,29.609596661017683
