,sma_fast,sma_slow,annual_return
0,10,12,19.483693298904697
1,13,54,19.220255900975204
2,11,26,18.659504743291933
3,10,14,18.636774477316823
4,10,13,18.33093675711276
