,sma_fast,sma_slow,annual_return
0,20,12,16.53504383622549
1,18,12,13.351374137894872
2,11,10,12.825070110589872
3,17,12,12.050691113411531
4,20,13,12.02277372929628
