,sma_fast,sma_slow,annual_return
0,4,57,32.79820818576873
1,4,56,32.54941107794821
2,4,58,32.312820478974245
3,10,22,31.76792613712766
4,10,12,31.66225210103273
