,sma_fast,sma_slow,annual_return
0,13,12,14.65797776097559
1,14,12,13.123256285965027
2,13,11,12.778029717764776
3,27,10,11.999507020849537
4,14,11,11.71255270823429
