,sma_fast,sma_slow,annual_return
0,18,16,31.30432309275173
1,27,26,29.80541513039437
2,28,18,28.232727977262623
3,28,19,26.97459394785828
4,19,15,26.77572053716468
