,sma_fast,sma_slow,annual_return
0,26,54,28.29931199867039
1,26,55,26.292502899233817
2,25,54,26.208165706159253
3,16,43,24.53243126897135
4,25,56,24.10891819372297
