,sma_fast,sma_slow,annual_return
0,25,71,21.377055747721048
1,12,14,21.244845165910657
2,12,11,21.053319756808264
3,27,90,19.855268009155537
4,26,92,19.416147625970986
