,sma_fast,sma_slow,annual_return
0,22,14,12.939379249645777
1,3,27,11.530144327709513
2,10,26,10.401006897516195
3,22,27,9.20693993742782
4,29,24,8.992293158559397
