,sma_fast,sma_slow,annual_return
0,20,23,18.691264872181865
1,1,37,17.239840233402752
2,20,22,17.195947489531328
3,19,23,16.251793357822724
4,16,42,16.14255551125241
