,sma_fast,sma_slow,annual_return
0,8,29,30.85562016242343
1,9,119,30.411238481794182
2,10,119,29.9307277524522
3,10,118,29.9307277524522
4,7,104,29.790855484783936
