,sma_fast,sma_slow,annual_return
0,10,70,27.51295595814317
1,20,115,26.81148810887672
2,21,104,26.596534755327543
3,20,116,26.35792507670849
4,20,118,26.22231525971057
