,sma_fast,sma_slow,annual_return
0,19,58,39.23345785606145
1,19,59,37.52591422015544
2,27,31,37.32711948389513
3,18,32,36.14043570361037
4,18,31,35.44373936618399
