,sma_fast,sma_slow,annual_return
0,23,56,22.71346679638134
1,17,15,22.574352744212767
2,23,55,22.56868293939052
3,11,16,20.74761036662107
4,19,14,19.933962593956444
