,sma_fast,sma_slow,annual_return
0,7,31,54.260277601772565
1,1,46,51.35685889336648
2,1,45,51.2329677638448
3,2,38,50.77334830118237
4,5,32,49.47939856687656
