,sma_fast,sma_slow,annual_return
0,29,39,87.12007340516521
1,1,55,82.58701619836772
2,1,56,82.58701619836772
3,1,57,82.58701619836772
4,1,54,81.53142381027716
