,sma_fast,sma_slow,annual_return
0,15,25,26.75750985588856
1,6,17,25.781659033463583
2,7,23,25.74210202426677
3,13,26,25.37053582154689
4,17,21,25.29643599046037
