,sma_fast,sma_slow,annual_return
0,29,24,15.83738284746097
1,16,15,13.2256387950074
2,28,24,12.969414284872745
3,19,13,12.455975250103894
4,27,25,11.778741464036704
