,sma_fast,sma_slow,annual_return
0,12,13,41.70659453634107
1,4,19,40.825718441821856
2,11,13,38.04313763829577
3,17,19,36.98041215167336
4,25,32,36.75616378997613
