,sma_fast,sma_slow,annual_return
0,17,26,40.95351774437592
1,18,26,38.25693700292249
2,16,26,36.67197008396981
3,21,26,33.85730472131724
4,7,26,33.76039633861659
