,sma_fast,sma_slow,annual_return
0,6,41,43.058462645124216
1,6,42,42.89879671845887
2,7,42,38.8838721593996
3,11,29,38.762024876324006
4,7,43,38.23031128128662
