,sma_fast,sma_slow,annual_return
0,17,59,37.6364719633733
1,17,60,37.05801890940024
2,17,61,37.03357295128457
3,17,62,36.39301768939687
4,15,93,36.317395602840605
