,sma_fast,sma_slow,annual_return
0,24,25,10.292091193143182
1,23,27,7.596853473370673
2,22,29,7.373192621206057
3,27,14,4.846554157605559
4,21,28,4.5123285928038
