,sma_fast,sma_slow,annual_return
0,17,118,26.93129080787098
1,18,114,26.68592020025248
2,17,115,26.65550452366784
3,16,116,26.25283665978944
4,17,117,26.002858596674955
