,sma_fast,sma_slow,annual_return
0,28,97,19.088871408477274
1,27,99,18.90584712969637
2,24,33,18.90156382418753
3,28,96,18.84635529317591
4,10,92,18.5620628617993
