,sma_fast,sma_slow,annual_return
0,20,21,20.692645916778087
1,7,36,20.63692285836369
2,7,146,18.996062866257848
3,25,142,18.789086768916803
4,25,138,18.781185730424102
