,sma_fast,sma_slow,annual_return
0,9,96,10.112081963359724
1,10,11,10.05611495163209
2,10,91,9.93406849083698
3,9,97,9.794163422705196
4,10,94,9.763932273922808
