,sma_fast,sma_slow,annual_return
0,10,12,47.52190076366476
1,8,12,44.81663487539691
2,10,13,36.25832529040665
3,7,12,32.91847092812929
4,9,11,30.133258058293123
