,sma_fast,sma_slow,annual_return
0,16,24,28.317722392913264
1,26,28,26.66555335378254
2,3,27,25.90686095780966
3,4,30,25.364151976955785
4,23,30,24.700346928084464
