,sma_fast,sma_slow,annual_return
0,29,17,13.2616618512616
1,28,18,13.2616618512616
2,29,15,10.310910088608365
3,29,16,8.886094255284776
4,25,18,8.569632621552381
