,sma_fast,sma_slow,annual_return
0,23,12,37.62903760188765
1,12,11,34.59087238108778
2,22,12,34.24789446769625
3,20,14,33.44073723145527
4,13,11,33.19077418809855
