,sma_fast,sma_slow,annual_return
0,17,13,15.30009410721444
1,15,13,15.11651857547204
2,16,13,14.172179319625949
3,21,18,13.459929007704824
4,15,14,13.388460035383726
