,sma_fast,sma_slow,annual_return
0,5,12,12.9714358052986
1,28,33,12.787042059657317
2,6,12,11.912418214776627
3,20,19,9.562393974090227
4,25,18,9.553651123322116
