,sma_fast,sma_slow,annual_return
0,19,25,43.95318561033451
1,15,27,40.60614233384686
2,19,26,39.157072023412695
3,11,29,39.04005155737583
4,17,26,38.84213681775563
