,sma_fast,sma_slow,annual_return
0,8,17,34.536758617223654
1,9,16,28.854256859415667
2,7,17,28.48513995480485
3,8,16,28.10382752917551
4,6,18,26.397662281632652
