,sma_fast,sma_slow,annual_return
0,9,124,9.802888329959307
1,21,16,9.751470935668298
2,9,120,9.624163907231294
3,9,121,9.624163907231294
4,9,122,9.624163907231294
