,sma_fast,sma_slow,annual_return
0,21,35,34.52074105415564
1,21,26,34.151679809797706
2,21,25,31.93046779258955
3,21,34,31.3735759500864
4,18,30,31.370610849877696
