,sma_fast,sma_slow,annual_return
0,15,60,27.83326214785773
1,15,61,27.36126360600996
2,2,25,26.80178765111243
3,14,61,26.796310611949647
4,15,59,26.63874337338794
