,sma_fast,sma_slow,annual_return
0,19,68,23.101552751209187
1,17,31,22.28984744222569
2,16,87,21.171714830557587
3,17,75,20.784700023439463
4,17,74,20.5983309702244
