,sma_fast,sma_slow,annual_return
0,8,54,34.245805723591985
1,7,54,34.034517285385895
2,7,53,33.48895102686762
3,8,53,33.158235330056975
4,7,55,32.74377172447511
