,sma_fast,sma_slow,annual_return
0,23,18,60.87614571056885
1,28,27,60.26216323236697
2,28,26,48.985360163390816
3,26,24,45.03278957215719
4,29,22,44.1028509974524
