,sma_fast,sma_slow,annual_return
0,8,30,30.489180678161556
1,7,32,25.89656100534205
2,8,29,25.7110795883544
3,9,29,24.186920297615533
4,4,31,23.838181997824464
