,sma_fast,sma_slow,annual_return
0,27,24,8.269209856858653
1,27,23,7.972271255946847
2,28,22,7.450635829958683
3,25,23,7.370683942563049
4,26,24,7.305136128457268
