,sma_fast,sma_slow,annual_return
0,20,36,25.894425824729662
1,21,44,24.98485490186429
2,20,34,23.48409958163723
3,6,47,22.68538468170785
4,16,28,22.14462294552684
