,sma_fast,sma_slow,annual_return
0,11,10,19.45537634652915
1,15,17,19.10947703472453
2,12,10,18.022107624742198
3,28,21,16.678373494724667
4,21,18,16.659489632067054
