,sma_fast,sma_slow,annual_return
0,3,104,19.77335865058005
1,3,102,19.678523398583643
2,3,103,19.678523398583643
3,5,15,19.4434779593475
4,12,89,19.26097671410689
