,sma_fast,sma_slow,annual_return
0,16,100,19.75994760889711
1,15,100,19.36155721113719
2,17,18,19.21976819375452
3,16,86,19.084996325124088
4,16,101,18.60655208323616
