,sma_fast,sma_slow,annual_return
0,7,86,17.306009792584433
1,10,81,17.226197979549344
2,7,87,17.220630697119454
3,5,86,17.048077146242527
4,3,11,17.02625778149762
