,sma_fast,sma_slow,annual_return
0,17,11,19.305128785980568
1,19,10,17.970240993809085
2,18,11,17.506852116243408
3,12,10,16.53953626329831
4,11,10,15.8041535746633
