,sma_fast,sma_slow,annual_return
0,20,10,24.909362666804267
1,4,42,24.39812886614853
2,5,50,24.149195915376428
3,5,49,23.666680034503965
4,19,10,22.983264856346388
