,sma_fast,sma_slow,annual_return
0,26,139,16.751239440550258
1,26,11,16.453696976481737
2,25,11,16.276458258054504
3,27,11,16.246749591899597
4,23,12,16.04416442568449
