,sma_fast,sma_slow,annual_return
0,10,123,8.67290141531411
1,13,131,8.664669169518918
2,13,130,8.664669169518918
3,11,120,8.642304169186751
4,9,132,8.633230316938082
