,sma_fast,sma_slow,annual_return
0,18,85,28.114802733125728
1,27,92,27.591702019416047
2,18,87,26.987714872253747
3,27,93,26.61237942436913
4,16,125,25.71079824812609
