,sma_fast,sma_slow,annual_return
0,11,113,27.357789837196023
1,14,32,26.706470426029995
2,11,111,26.503460965799025
3,1,81,26.440530072525448
4,1,80,26.43639598414828
