,sma_fast,sma_slow,annual_return
0,26,15,10.10973136921822
1,28,12,10.103080117798308
2,26,12,9.0867325628627
3,27,12,8.99499251968708
4,27,15,8.397764983412445
