,sma_fast,sma_slow,annual_return
0,17,15,29.13300474968594
1,16,15,28.68765036139749
2,23,12,26.311075468293367
3,24,12,26.263896750878445
4,16,13,24.689629260833318
