,sma_fast,sma_slow,annual_return
0,17,82,10.56277360701542
1,29,42,9.862659608554798
2,19,48,9.833150622733209
3,21,46,9.826195235456508
4,16,83,9.61663836203222
