,sma_fast,sma_slow,annual_return
0,10,14,34.232962285223614
1,9,15,30.67356538280675
2,20,29,26.09133072943533
3,19,30,25.543584642522276
4,21,29,24.53524705124803
