,sma_fast,sma_slow,annual_return
0,6,146,7.853191075656059
1,6,147,7.804145939402132
2,6,148,7.694016286588459
3,16,38,7.664174964023754
4,6,149,7.653727962221131
