,sma_fast,sma_slow,annual_return
0,6,35,27.20972492297524
1,6,36,26.4853962827424
2,22,30,23.746630565194877
3,6,37,21.79778764665188
4,2,54,21.43475137676739
