,sma_fast,sma_slow,annual_return
0,28,21,24.402146757743708
1,27,24,16.79422122430959
2,29,23,16.765890872519805
3,24,23,16.72536974121071
4,28,24,15.414590738408968
