,sma_fast,sma_slow,annual_return
0,28,21,24.08588907624889
1,27,21,18.952326549495663
2,25,16,18.165123438121554
3,25,24,18.129311995441004
4,26,16,17.551741818079012
