,sma_fast,sma_slow,annual_return
0,13,145,17.64602342748011
1,13,144,17.563282042893245
2,12,146,17.47636196941315
3,12,147,17.47636196941315
4,12,145,17.47636196941315
