,sma_fast,sma_slow,annual_return
0,19,23,25.566966807167606
1,19,24,25.36476595133304
2,16,33,25.05705991936245
3,16,28,24.09945127274285
4,17,24,23.915686606649743
