,sma_fast,sma_slow,annual_return
0,25,12,31.47727628144541
1,8,14,25.78845870578243
2,7,10,25.562519095931385
3,9,14,23.53337990215194
4,13,14,22.983397554681297
