,sma_fast,sma_slow,annual_return
0,27,51,18.572951024448447
1,6,10,18.16343447523445
2,26,51,17.074820877080363
3,5,10,16.795915097462053
4,28,50,16.377603248736797
