,sma_fast,sma_slow,annual_return
0,8,23,21.14408000334306
1,6,22,20.41225025918106
2,8,22,20.034153452637288
3,5,25,18.90095859444701
4,6,24,17.665416030622705
