,sma_fast,sma_slow,annual_return
0,25,14,38.06096372094712
1,24,14,33.95495821963919
2,19,12,32.03044312349765
3,23,14,30.56232656263893
4,29,10,30.102901268808385
