,sma_fast,sma_slow,annual_return
0,13,15,29.335105018552348
1,11,18,27.65255090426558
2,1,31,27.33376906752325
3,1,30,25.71781123373801
4,11,17,24.75117789618184
