,sma_fast,sma_slow,annual_return
0,19,17,18.63651868419964
1,6,12,15.88202333330549
2,19,16,15.783238910074257
3,1,30,15.359926893840989
4,21,15,15.105844356574002
