,sma_fast,sma_slow,annual_return
0,20,22,40.478257246976405
1,23,15,35.51481682381821
2,17,35,34.99684452108958
3,18,34,33.82877847224606
4,19,33,32.78011857047817
