,sma_fast,sma_slow,annual_return
0,17,58,33.034223761737294
1,19,63,32.99517007490017
2,19,64,32.818520839214465
3,17,65,32.718333892518444
4,17,66,32.65042250511019
