,sma_fast,sma_slow,annual_return
0,4,117,26.587955591575795
1,1,118,26.30926488756619
2,4,118,26.20604798148609
3,5,103,26.20220859414402
4,4,111,25.74040637919203
