,sma_fast,sma_slow,annual_return
0,27,92,22.06366584900332
1,27,26,21.613511450130588
2,13,55,21.0167694738002
3,13,54,20.75268666425361
4,27,76,20.509393591937943
