,sma_fast,sma_slow,annual_return
0,17,84,22.92695385104216
1,16,15,22.405591959238823
2,27,61,21.77152090187962
3,18,71,21.770703927037125
4,17,73,21.67053727726836
