,sma_fast,sma_slow,annual_return
0,8,12,25.969362590335184
1,4,32,25.14475533913714
2,9,12,24.05120929229064
3,4,31,22.785719503259724
4,3,86,22.56007867605497
