,sma_fast,sma_slow,annual_return
0,28,26,19.821508743426595
1,29,26,19.427587085977937
2,27,23,18.673306319866764
3,29,19,17.264279349150673
4,26,25,16.656967840832905
