,sma_fast,sma_slow,annual_return
0,1,143,22.33900704794821
1,1,110,22.060145321273087
2,1,141,22.015067334716548
3,1,142,22.015067334716548
4,1,109,21.92562153992316
