,sma_fast,sma_slow,annual_return
0,29,25,13.21837260740238
1,28,27,12.899703706722072
2,28,26,12.005049019734775
3,29,27,11.754198621698007
4,29,28,9.08430938856837
