,sma_fast,sma_slow,annual_return
0,3,18,18.555100541896262
1,1,17,18.457523378089043
2,3,17,18.383425677146853
3,1,16,18.33380782637324
4,2,31,18.02957383956994
