,sma_fast,sma_slow,annual_return
0,4,15,29.911838463155288
1,4,17,28.21650992833223
2,6,22,27.38141260561187
3,16,17,27.375573306022304
4,4,16,26.729851649008964
