,sma_fast,sma_slow,annual_return
0,27,26,15.694913361694706
1,19,16,13.17410026532616
2,28,24,12.25127510651522
3,28,25,11.79764457356779
4,5,131,11.243288999237118
