,sma_fast,sma_slow,annual_return
0,20,133,18.84712833032761
1,19,109,18.836023818761035
2,21,133,18.80079003815881
3,20,134,18.732728800119343
4,21,134,18.69235273650324
