,sma_fast,sma_slow,annual_return
0,16,83,23.35823974574545
1,24,58,23.22846894908561
2,25,58,23.20292876029589
3,23,58,22.98512744992918
4,20,89,22.89675710273463
