,sma_fast,sma_slow,annual_return
0,7,21,25.884040158798346
1,7,23,25.04671419836099
2,19,73,24.947925871612902
3,9,20,24.74389445803313
4,14,22,24.14117952740765
