,sma_fast,sma_slow,annual_return
0,17,118,20.48031563793037
1,26,120,20.41409967931075
2,16,127,20.38501791984264
3,21,22,20.243533731935003
4,26,119,20.226364531378135
