,sma_fast,sma_slow,annual_return
0,10,49,18.78622736093769
1,21,61,17.443688199392554
2,5,66,16.83565767576896
3,5,67,16.76651394843382
4,11,46,16.20740778374323
