,sma_fast,sma_slow,annual_return
0,3,19,19.625934821468505
1,1,60,19.072719964007288
2,1,61,18.608856684185493
3,11,35,18.48424349320314
4,16,25,18.00711806817659
