,sma_fast,sma_slow,annual_return
0,12,34,17.34866514521694
1,11,34,17.030839239080027
2,12,33,16.604973784917988
3,6,16,15.753295104196456
4,7,17,15.630551172178103
