,sma_fast,sma_slow,annual_return
0,16,30,22.43508943135504
1,17,30,19.213596134227995
2,13,30,19.15276168860622
3,3,30,18.86260483922852
4,15,24,18.774439375703853
