,sma_fast,sma_slow,annual_return
0,7,13,31.78842214503668
1,7,16,30.702756893675687
2,9,25,30.40586672987381
3,19,22,28.62192666998115
4,19,21,28.074290998658185
