,sma_fast,sma_slow,annual_return
0,28,24,22.85659215779837
1,28,23,22.22725666889801
2,27,24,21.81298926700444
3,21,18,19.14557284366681
4,29,23,17.729018509034603
