,sma_fast,sma_slow,annual_return
0,27,29,23.551826465886883
1,27,28,18.780967189672356
2,13,31,18.383856110238536
3,25,30,18.29480696546442
4,23,41,18.2322913703893
