,sma_fast,sma_slow,annual_return
0,17,27,33.221424869390155
1,16,26,31.96837409305313
2,9,11,31.42121645386749
3,18,25,30.731091643162
4,17,26,30.686355862802213
