,sma_fast,sma_slow,annual_return
0,3,15,24.579471969935547
1,3,10,22.985942581440742
2,3,11,22.813370829352117
3,18,15,22.254161357524332
4,3,14,22.137226482548485
