,sma_fast,sma_slow,annual_return
0,21,24,34.6684182280686
1,8,15,34.49977845035942
2,1,29,30.10228970253589
3,8,11,29.889864891248877
4,20,25,29.231666663111294
