,sma_fast,sma_slow,annual_return
0,10,14,11.360593582947136
1,27,38,10.835780448827892
2,1,11,10.68383781261421
3,1,15,10.645514965453396
4,27,36,10.28490654240926
