,sma_fast,sma_slow,annual_return
0,18,73,27.07181552225679
1,27,69,26.869637590929877
2,22,79,26.30387145164444
3,27,70,25.42738272873854
4,22,81,25.161707182617683
