,sma_fast,sma_slow,annual_return
0,13,10,28.58052017304728
1,12,63,25.93239783372888
2,12,11,21.93924147539168
3,21,20,21.590185389958545
4,12,62,21.49642241651541
