,sma_fast,sma_slow,annual_return
0,15,49,109.90173281789146
1,17,39,102.99195994956509
2,13,39,102.691117381727
3,15,47,101.5829362179613
4,15,48,100.60177135846791
