,sma_fast,sma_slow,annual_return
0,4,63,25.515406017381054
1,3,66,24.51418578350022
2,2,65,24.46679373341614
3,22,60,24.18425995151
4,2,64,23.954555839497264
