,sma_fast,sma_slow,annual_return
0,17,14,33.21802675350458
1,19,14,28.16381073130334
2,17,12,28.09239496087686
3,29,28,26.08650349930071
4,17,11,25.82801408192062
