,sma_fast,sma_slow,annual_return
0,1,19,43.20564856547571
1,1,20,38.1559381777888
2,1,15,38.07329012343961
3,19,21,33.12314342155501
4,1,14,32.697111365419865
