,sma_fast,sma_slow,annual_return
0,10,62,14.766411437948804
1,28,10,14.590460576055802
2,9,64,14.539179662659173
3,11,63,14.46149014835954
4,27,91,14.446171591024155
