,sma_fast,sma_slow,annual_return
0,14,13,17.60080715361764
1,17,22,16.44917034825512
2,29,30,15.322485711814869
3,25,10,15.066438650288124
4,27,10,14.835697702794198
