,sma_fast,sma_slow,annual_return
0,1,16,10.943463034366468
1,1,15,10.496776239539876
2,1,12,8.322331447254216
3,1,13,7.977241613757112
4,1,11,7.703459902340184
