,sma_fast,sma_slow,annual_return
0,10,13,20.415889893262847
1,17,14,19.05101883835994
2,9,13,18.43725291611334
3,11,13,18.016169583170637
4,10,21,14.479326278405896
