,sma_fast,sma_slow,annual_return
0,23,26,18.892155133148787
1,19,15,16.235509465483293
2,23,25,14.120688270700285
3,14,37,13.774076905070952
4,12,18,13.516030337116852
