,sma_fast,sma_slow,annual_return
0,17,86,38.942472600292696
1,23,73,38.6240693400154
2,23,77,38.12305451779324
3,24,148,37.82890637669439
4,25,146,37.82890637669439
