,sma_fast,sma_slow,annual_return
0,16,15,37.91977126356056
1,23,25,35.35540189028738
2,23,11,33.63202374239693
3,18,16,32.914204812312335
4,21,13,32.00205244811908
