,sma_fast,sma_slow,annual_return
0,5,14,42.53219991385719
1,5,13,40.92320062806218
2,10,12,39.847047516635854
3,5,17,38.32834559603951
4,5,16,38.16034124290595
