,sma_fast,sma_slow,annual_return
0,26,79,11.398990706817695
1,16,129,11.237745171761343
2,20,68,11.225709416689416
3,24,64,10.924911591862818
4,14,141,10.880114649210556
