,sma_fast,sma_slow,annual_return
0,24,37,27.820350358858946
1,21,34,25.41992069443489
2,23,40,24.52605629312997
3,25,35,24.450255331427726
4,24,38,24.404502848651457
