,sma_fast,sma_slow,annual_return
0,29,25,37.96702910213143
1,29,27,35.90434921297822
2,9,11,35.83516781200453
3,29,28,34.63462990714055
4,29,26,34.51883113626322
