,sma_fast,sma_slow,annual_return
0,12,16,36.641772627275685
1,12,15,33.0111134179003
2,3,18,31.05554625386255
3,14,25,30.86057928096288
4,3,19,30.3364424805727
