,sma_fast,sma_slow,annual_return
0,7,11,86.67308657834488
1,5,12,83.5831554935305
2,8,10,81.88059816539
3,18,26,79.12525489507915
4,11,13,71.50963494253993
