,sma_fast,sma_slow,annual_return
0,11,14,19.73815461821356
1,3,46,17.396573525809686
2,10,29,16.61752302851842
3,3,45,16.510449913233376
4,20,91,15.694051665818668
