,sma_fast,sma_slow,annual_return
0,18,11,156.6603909010941
1,19,10,145.97033454883515
2,20,10,141.94840572340004
3,18,12,136.42824566861634
4,16,12,104.4666027300726
