,sma_fast,sma_slow,annual_return
0,21,25,42.375497644183206
1,21,26,37.27153445438457
2,20,26,35.715589354135375
3,15,19,34.49272646431933
4,14,19,33.04601229543322
