,sma_fast,sma_slow,annual_return
0,18,44,22.229368454313885
1,22,125,22.197462500812527
2,23,98,21.710238622462903
3,20,112,21.62114867881771
4,19,114,21.455654096648693
