,sma_fast,sma_slow,annual_return
0,17,32,17.967239709839177
1,17,22,16.703652553142273
2,12,27,16.137851644980135
3,28,25,16.07715860582752
4,27,57,15.947792977176878
