,sma_fast,sma_slow,annual_return
0,10,22,15.892271781496351
1,9,10,15.247968818379112
2,10,25,15.236251831135302
3,13,22,15.177561515016947
4,10,30,15.126468513926469
