,sma_fast,sma_slow,annual_return
0,20,28,26.34637152837706
1,19,29,23.138244203046565
2,20,27,22.10462659257422
3,19,28,22.05152611807032
4,18,29,21.75141114221585
