,sma_fast,sma_slow,annual_return
0,5,23,64.76405914101537
1,17,18,63.21278931947914
2,5,24,62.41742138109701
3,14,49,59.4783503636439
4,9,133,58.77078606874954
