,sma_fast,sma_slow,annual_return
0,18,136,34.48255132513682
1,18,137,34.1825019537797
2,9,34,34.15750188627449
3,15,140,33.929483296276345
4,11,30,33.88848958076397
