,sma_fast,sma_slow,annual_return
0,13,27,111.58673252159667
1,13,26,108.28781483996286
2,15,22,103.04935623634069
3,13,25,100.49758346286112
4,14,27,100.40435078555126
