,sma_fast,sma_slow,annual_return
0,28,105,28.344844932184166
1,29,103,28.235137161711748
2,29,102,28.219147764473917
3,21,128,28.14935490286685
4,27,113,28.1300764846711
