,sma_fast,sma_slow,annual_return
0,19,16,35.083964410998924
1,26,17,33.704817882385434
2,29,13,31.307050977482547
3,24,19,30.500598224508707
4,23,21,29.963532602208318
