,sma_fast,sma_slow,annual_return
0,12,18,30.197140459949896
1,8,23,28.69791527996288
2,8,22,26.503367922590744
3,9,30,26.323084509525074
4,5,31,26.126892734955327
