,sma_fast,sma_slow,annual_return
0,19,13,17.803332135829454
1,29,28,17.199118829482963
2,29,24,16.81790290707897
3,29,18,16.438609536238676
4,13,16,14.45573025610186
