,sma_fast,sma_slow,annual_return
0,22,75,20.909310489669096
1,13,14,20.805316472826235
2,6,11,20.491284200872315
3,11,16,20.422104220965824
4,22,74,18.957416164449985
