,sma_fast,sma_slow,annual_return
0,28,15,26.00001864231333
1,19,18,24.232810640736503
2,29,16,23.27239210894922
3,21,19,22.86189737102032
4,28,16,22.74851586617531
