,sma_fast,sma_slow,annual_return
0,15,19,35.87833601854175
1,12,19,34.01790452572385
2,8,19,33.83414289177937
3,10,21,33.55291986981494
4,10,20,32.816152645981624
