,sma_fast,sma_slow,annual_return
0,23,50,24.33543344189474
1,29,97,23.948325959985244
2,23,69,23.08046089969173
3,28,96,22.64607832893576
4,23,52,22.55040431138393
