,sma_fast,sma_slow,annual_return
0,2,39,31.88477768824952
1,2,40,31.801755085432543
2,4,33,30.672249057667205
3,5,31,30.46177287248193
4,18,23,28.422818247400585
