,sma_fast,sma_slow,annual_return
0,26,30,30.747914267900384
1,10,148,27.62344632422193
2,10,149,27.62344632422193
3,29,137,26.966223991207027
4,28,58,26.79729360491287
