,sma_fast,sma_slow,annual_return
0,1,75,30.556875016558173
1,1,76,29.120675244153905
2,4,15,28.81360314716214
3,8,35,27.84889371898559
4,14,124,27.64301749818085
