,sma_fast,sma_slow,annual_return
0,18,88,58.91840858875965
1,18,89,58.91840858875965
2,14,15,58.33930769753588
3,18,87,57.69524118734684
4,17,87,57.62706881365887
