,sma_fast,sma_slow,annual_return
0,18,37,56.77382769353196
1,18,38,54.32666745127256
2,18,36,52.5840981453059
3,23,25,50.8705690916841
4,21,33,44.66243916601584
