,sma_fast,sma_slow,annual_return
0,10,17,17.745017377736907
1,20,11,17.655229935909116
2,9,16,15.902377088609349
3,7,19,15.776255323679033
4,10,13,15.41381166439027
