,sma_fast,sma_slow,annual_return
0,22,141,22.68947441673504
1,22,147,22.189641610151128
2,23,144,22.036595757819008
3,1,97,21.38807095897505
4,1,98,21.26425842199217
