,sma_fast,sma_slow,annual_return
0,15,25,37.19575094341519
1,14,25,37.16005978873029
2,16,23,35.9610811998534
3,15,42,35.766249577033555
4,5,27,35.570351739449045
