,sma_fast,sma_slow,annual_return
0,1,25,12.153333477403775
1,1,23,12.110249310153096
2,1,18,11.475101112123715
3,1,14,11.349221565841614
4,1,24,11.011930748829624
