,sma_fast,sma_slow,annual_return
0,10,35,30.00514407935505
1,29,67,29.00154825945977
2,29,66,28.543249897943447
3,24,84,27.303681055467464
4,24,85,27.2837787398964
