,sma_fast,sma_slow,annual_return
0,14,10,21.54388155262063
1,15,10,19.48906970619928
2,28,24,19.382007966225505
3,12,10,17.242037641243005
4,29,23,16.94997088822748
