,sma_fast,sma_slow,annual_return
0,19,67,23.844320082912223
1,24,103,23.16372869734385
2,19,96,23.151921181679025
3,28,90,23.05850067635995
4,29,90,23.03095778773744
