,sma_fast,sma_slow,annual_return
0,13,16,42.160135578994726
1,6,19,38.95847610902349
2,5,21,38.83831242669169
3,24,32,38.64214925377743
4,19,25,38.22882072510001
