,sma_fast,sma_slow,annual_return
0,8,24,61.69343281861729
1,9,24,61.12824392621356
2,9,25,59.07763864865372
3,11,21,51.8251899557157
4,18,21,49.92401336216766
