,sma_fast,sma_slow,annual_return
0,3,14,14.79752698545166
1,21,18,14.774292341708886
2,19,10,14.460528922506914
3,21,17,13.896224724327071
4,27,26,13.825465559424384
