,sma_fast,sma_slow,annual_return
0,16,31,61.24503096312593
1,17,30,60.78001197046699
2,28,106,60.232435072712335
3,28,105,59.593868705910026
4,12,13,59.08566300135721
