,sma_fast,sma_slow,annual_return
0,11,33,20.883135221181192
1,15,18,20.0966320735186
2,13,30,18.66934538345917
3,13,31,18.4614622857728
4,8,15,18.30701039434122
