,sma_fast,sma_slow,annual_return
0,14,10,16.7317044164559
1,19,98,16.67899628242374
2,20,90,16.150084942107966
3,11,79,16.098566284663633
4,8,93,15.678566998810176
