,sma_fast,sma_slow,annual_return
0,27,23,27.0424583510186
1,26,24,23.26024195330811
2,27,22,23.08873433189744
3,24,19,21.58097747781239
4,26,22,21.525951455063293
