,sma_fast,sma_slow,annual_return
0,15,71,36.02411379321999
1,14,91,35.95043886532298
2,13,72,33.671642490365535
3,15,69,31.81265054543092
4,13,71,30.809328779926147
