,sma_fast,sma_slow,annual_return
0,14,25,14.94200370733554
1,18,24,13.813530452413374
2,12,25,13.68895959760307
3,13,28,12.623968494758657
4,28,98,12.5740581756746
