,sma_fast,sma_slow,annual_return
0,13,37,42.55969374737077
1,18,32,40.470767776254746
2,22,32,39.932934462282674
3,15,34,39.54516009988869
4,4,24,39.48873079387616
