,sma_fast,sma_slow,annual_return
0,17,27,53.05301865420749
1,13,14,48.98186204454799
2,28,30,47.68735860267204
3,18,25,47.51334157487415
4,5,35,47.36758179349306
