,sma_fast,sma_slow,annual_return
0,17,19,25.3931458692054
1,13,15,24.532448655374345
2,16,24,24.422198867615244
3,16,22,22.917929784188
4,16,27,22.63828571482688
