,sma_fast,sma_slow,annual_return
0,2,17,126.7810784436763
1,2,24,124.804841002397
2,2,25,116.53129633240104
3,11,12,111.01854756958669
4,3,10,106.42322881348548
