,sma_fast,sma_slow,annual_return
0,19,33,22.241524519896327
1,12,25,21.840464706182523
2,9,10,21.114546750032048
3,7,22,21.033804533178493
4,18,35,20.57941510557005
