,sma_fast,sma_slow,annual_return
0,5,50,30.50758044436654
1,2,22,30.380717342993226
2,3,35,29.941003672621385
3,4,11,28.886801880453238
4,5,48,28.874166425034087
