,sma_fast,sma_slow,annual_return
0,9,24,42.90197819199848
1,3,18,38.63710704483792
2,4,19,38.36176674620674
3,17,27,36.56605026210293
4,3,19,36.0438892069562
