,sma_fast,sma_slow,annual_return
0,9,12,42.5589822152216
1,12,15,41.39211362388561
2,6,26,35.19414296381407
3,6,25,33.8406267905554
4,4,13,33.74496451595898
