,sma_fast,sma_slow,annual_return
0,9,10,42.385933745320514
1,1,11,36.94519306490015
2,1,10,36.9194490210873
3,1,13,36.10724088713701
4,7,15,35.27287458683241
