,sma_fast,sma_slow,annual_return
0,12,21,30.321553560155778
1,10,27,29.76361905347657
2,9,26,29.332533492319943
3,10,24,29.268733773437333
4,12,23,29.209612671430385
