,sma_fast,sma_slow,annual_return
0,20,10,23.02065951950922
1,21,10,22.57359473043407
2,21,14,20.519502124628715
3,22,14,20.505050060209246
4,15,10,18.9073280796036
