,sma_fast,sma_slow,annual_return
0,4,47,23.179667744483407
1,3,50,22.890031830275
2,1,101,22.486436767836107
3,1,80,22.48187569395414
4,9,13,22.4460569187902
