,sma_fast,sma_slow,annual_return
0,28,49,98.9683010175806
1,27,49,98.76318771695468
2,28,48,98.76318771695468
3,16,51,97.8455416148554
4,17,16,97.81452759051017
