,sma_fast,sma_slow,annual_return
0,19,51,12.71715367608463
1,17,26,12.56920518939626
2,20,21,11.559324481024364
3,18,51,11.410417978311353
4,25,23,10.882445501407824
