,sma_fast,sma_slow,annual_return
0,29,28,20.132262818343097
1,28,17,20.03537331784855
2,28,27,19.67350190320724
3,28,25,19.465158793925426
4,28,26,18.690513114149603
