,sma_fast,sma_slow,annual_return
0,24,69,23.43305280028517
1,20,52,23.383671923517333
2,26,68,23.055833432232003
3,29,63,22.742828806664807
4,18,52,22.60680036581291
