,sma_fast,sma_slow,annual_return
0,19,17,12.287290053430974
1,20,27,11.273919723232998
2,21,26,10.510579911589724
3,24,25,10.005679314383991
4,24,59,9.383357244172451
