,sma_fast,sma_slow,annual_return
0,21,11,26.7222407514472
1,29,22,25.69904221975541
2,3,13,24.38829452332322
3,28,19,23.55001955566948
4,29,18,23.23981313944581
