,sma_fast,sma_slow,annual_return
0,5,20,39.30896076740362
1,5,23,38.830953603898365
2,5,22,35.91794713748912
3,5,19,34.578509835767285
4,8,23,33.71011913189381
