,sma_fast,sma_slow,annual_return
0,29,28,22.50135299063304
1,14,29,17.206061877730807
2,24,26,16.82833243200706
3,10,23,15.717513724215893
4,14,25,14.786543507236702
