,sma_fast,sma_slow,annual_return
0,24,25,34.507377035103545
1,27,36,29.73974808878576
2,23,37,29.01659538998425
3,8,10,28.81344503944463
4,12,13,28.525859411296207
