,sma_fast,sma_slow,annual_return
0,20,26,25.753976505185182
1,23,32,20.873083846868205
2,21,24,18.418114479320987
3,10,39,17.846493901668246
4,10,32,16.063015891156613
