,sma_fast,sma_slow,annual_return
0,29,24,18.85969519449087
1,28,24,18.107734248608534
2,21,11,17.563499578530603
3,11,10,16.74222988604178
4,13,16,15.530967027765536
