,sma_fast,sma_slow,annual_return
0,24,38,28.3307842382925
1,14,63,27.646562388871192
2,12,78,26.97471429204484
3,19,20,26.269243031344097
4,12,77,26.032807215910104
