,sma_fast,sma_slow,annual_return
0,25,29,9.0480595840174
1,10,32,9.012562244073411
2,9,33,8.55685476194035
3,11,20,8.41366156328372
4,9,32,8.339620446399941
