,sma_fast,sma_slow,annual_return
0,18,26,47.426706005217895
1,17,27,44.02603796443864
2,10,18,42.97748693253661
3,19,25,42.2251322798248
4,3,49,41.16618391360609
