,sma_fast,sma_slow,annual_return,sqn,trades,weighted_average
0,13,28,12.623968494758657,1.6411448580224932,26,10.427403767411425
1,28,98,12.5740581756746,1.82521956643986,5,10.424290453827652
2,12,31,12.359474591385666,1.8005333739565024,24,10.247686347899833
3,8,41,12.279779625177104,1.8811188325062265,21,10.20004746664293
4,18,126,12.315753916104928,1.655738640752248,6,10.183750861034392
