,sma_fast,sma_slow,annual_return
0,19,21,23.192293828021317
1,2,34,20.259968039398338
2,5,66,19.62124758390573
3,2,81,19.13285634390917
4,15,25,19.12015900874558
