,sma_fast,sma_slow,annual_return
0,27,35,23.933423311785624
1,29,34,23.02354880077893
2,28,41,22.62044698935174
3,4,67,21.156981111397617
4,27,43,21.0265460770265
