,sma_fast,sma_slow,annual_return
0,18,24,32.29905682127079
1,20,35,28.25253479744299
2,29,95,26.26181198576669
3,17,25,26.030509614454555
4,18,30,24.94418422419153
