,sma_fast,sma_slow,annual_return
0,27,24,8.806735121429774
1,28,18,8.494787083009728
2,27,25,8.422296476724279
3,20,80,8.164269573262702
4,29,17,8.161968913258061
