,sma_fast,sma_slow,annual_return
0,11,12,94.56781079565712
1,11,14,91.97527995999076
2,20,27,75.77736482172557
3,14,26,75.72063285504154
4,9,15,75.05064059434335
