,sma_fast,sma_slow,annual_return
0,15,12,26.082400822587065
1,29,22,25.723982935204283
2,16,10,24.664209463706968
3,24,14,23.698171470069177
4,18,17,23.634847006940387
