,sma_fast,sma_slow,annual_return
0,3,15,29.31066015527644
1,6,42,27.337522157281825
2,3,22,26.881584162067345
3,4,17,25.962973271082117
4,2,47,25.831554946501463
