,sma_fast,sma_slow,annual_return
0,17,20,34.34941642470674
1,17,21,32.163143978169536
2,25,26,28.25183864789465
3,22,29,27.673235394308037
4,2,52,26.78809512516358
