,sma_fast,sma_slow,annual_return
0,8,21,24.39709491994789
1,15,18,22.65553643411122
2,7,23,22.46003900620542
3,27,39,20.92032159461485
4,20,43,20.72001304268796
