,sma_fast,sma_slow,annual_return
0,7,39,25.23274372307472
1,7,40,24.75039214974936
2,7,41,24.70221625016601
3,7,38,24.425300379361747
4,7,42,23.005925025646032
