,sma_fast,sma_slow,annual_return
0,27,95,50.90710181966928
1,28,92,49.32722444602176
2,27,92,48.91955903402588
3,26,95,48.87524890402238
4,16,76,48.401135816379984
