,sma_fast,sma_slow,annual_return
0,14,47,37.52920598607628
1,15,47,36.778597531513455
2,7,55,36.7600364792796
3,7,54,35.90114038589481
4,7,30,34.948537195368274
