,sma_fast,sma_slow,annual_return
0,12,21,44.81973618929101
1,18,50,41.06905995604996
2,18,45,40.08316730588097
3,18,51,38.79937132537174
4,17,52,38.72300756793816
