,sma_fast,sma_slow,annual_return
0,12,23,44.60855293868588
1,1,70,41.52395357319479
2,11,24,41.28474093190744
3,1,72,40.78759786415264
4,15,117,40.07244585477768
