,sma_fast,sma_slow,annual_return
0,11,21,25.572056128774467
1,10,20,25.1557275900419
2,1,37,24.493438055317068
3,17,18,23.12280048778788
4,16,20,23.073117771542005
