,sma_fast,sma_slow,annual_return
0,7,41,46.67131891777965
1,12,33,41.81431007651975
2,10,33,41.524943530776255
3,9,16,41.00871158804468
4,12,36,40.414928124133205
