,sma_fast,sma_slow,annual_return
0,12,11,20.927612555474024
1,25,27,18.617923625568537
2,29,38,17.4342097263056
3,23,31,17.203110283930428
4,29,39,17.04434798945932
