,sma_fast,sma_slow,annual_return
0,7,19,19.309490704411537
1,7,20,19.30199299018476
2,18,30,15.72933853643124
3,18,31,15.402758328178262
4,11,10,14.794317125684678
