,sma_fast,sma_slow,annual_return
0,25,22,34.0319034419843
1,28,27,33.122652525946464
2,26,20,31.21856530280376
3,25,21,28.81533116428669
4,24,22,27.82698975977077
