,sma_fast,sma_slow,annual_return
0,22,89,26.13026885778255
1,24,73,25.65915128585085
2,27,36,25.554067939822843
3,22,85,25.520651942348717
4,25,72,25.371805968157343
