,sma_fast,sma_slow,annual_return
0,14,34,27.34333366057586
1,20,24,26.50490473636667
2,20,25,25.624070444171963
3,24,29,25.550115540324157
4,22,31,23.61473745645123
