,sma_fast,sma_slow,annual_return
0,18,16,114.12303502518223
1,24,12,92.68168124553696
2,19,16,87.32348527558834
3,24,13,81.21583916729324
4,20,13,81.151799295806
