,sma_fast,sma_slow,annual_return
0,2,24,20.802841984845145
1,2,22,19.66562437047453
2,15,23,18.156758697262237
3,14,24,17.75011206517713
4,29,97,17.62810394901161
