,sma_fast,sma_slow,annual_return
0,12,14,29.46998421309377
1,13,16,28.23033146340476
2,12,17,27.284120638774844
3,1,42,26.95833173603632
4,12,15,26.824830556860068
