,sma_fast,sma_slow,annual_return
0,28,17,17.693002059939154
1,21,17,15.7838705285166
2,21,18,15.650287750880516
3,21,20,15.480070749295765
4,29,17,14.975531730876671
