,sma_fast,sma_slow,annual_return
0,15,45,32.38914046925187
1,15,44,32.23879004027254
2,24,25,29.874246534712984
3,1,41,29.8538298992824
4,16,37,28.952644286318137
