,sma_fast,sma_slow,annual_return
0,12,44,26.14576528369273
1,20,42,26.02416264772537
2,12,42,25.58753519226941
3,20,44,25.334229857562143
4,18,42,24.638181235634946
