,sma_fast,sma_slow,annual_return
0,27,149,61.20953017923784
1,29,148,61.01164797978544
2,28,149,61.01164797978544
3,28,148,61.01164797978544
4,29,144,58.10762423871273
