,sma_fast,sma_slow,annual_return
0,20,15,8.193801028968174
1,11,22,7.268626671777151
2,22,15,7.078442715585416
3,10,17,7.015816488165334
4,2,26,6.978384881912139
