,sma_fast,sma_slow,annual_return
0,29,25,35.406630251473125
1,27,25,33.87541540680778
2,28,25,30.48086054807824
3,27,24,29.944427371884867
4,25,21,29.24556747895009
