,sma_fast,sma_slow,annual_return
0,4,19,56.3412806305565
1,7,19,55.591787825476814
2,7,18,53.19560581971954
3,7,15,45.94605052064462
4,7,14,44.816972979563566
