,sma_fast,sma_slow,annual_return
0,21,18,48.42762076706833
1,21,19,39.59221239760725
2,20,19,33.10250443222811
3,22,18,32.512854869553735
4,19,35,31.15098349123764
