,sma_fast,sma_slow,annual_return
0,24,40,27.108137105765906
1,21,10,25.50344131712785
2,27,37,24.73856313376117
3,22,40,24.216878954780316
4,28,36,22.703218803314225
