,sma_fast,sma_slow,annual_return
0,15,136,10.883971315003787
1,16,13,10.753426379517151
2,16,12,10.604326210514202
3,15,137,9.649393365163688
4,15,138,9.617599145379582
