,sma_fast,sma_slow,annual_return
0,16,141,21.239586868150734
1,16,140,21.212798021190203
2,16,142,21.081123376444676
3,13,136,20.902869814477928
4,13,138,20.802294417765467
