,sma_fast,sma_slow,annual_return
0,8,12,17.756401189585482
1,5,16,17.588971074339575
2,7,13,17.144272805651617
3,22,43,17.138957024150535
4,9,11,17.08435477386839
