,sma_fast,sma_slow,annual_return
0,17,58,32.40179211073098
1,16,59,31.875954757796897
2,17,57,31.75356930416944
3,17,59,31.71038351500122
4,17,56,31.65728266670168
