,sma_fast,sma_slow,annual_return
0,9,11,45.81811311072107
1,10,13,40.10963491775524
2,7,15,36.04250079823743
3,7,14,35.51274848834494
4,8,17,34.98620322921952
