,sma_fast,sma_slow,annual_return
0,17,16,23.92751061614993
1,24,13,22.719112452383563
2,23,14,22.057072707877207
3,18,16,21.36014726222154
4,27,26,20.53448013622297
