,sma_fast,sma_slow,annual_return
0,6,10,29.595309425541643
1,7,10,28.84731766365191
2,8,12,25.45768975389615
3,11,14,25.180280975833657
4,6,11,24.629615180439185
