,sma_fast,sma_slow,annual_return
0,29,14,43.45214274416782
1,26,14,43.06877958854627
2,28,14,40.079493045933866
3,27,14,39.2908455867965
4,23,16,37.62875041324398
