,sma_fast,sma_slow,annual_return
0,17,13,17.358795207534136
1,9,12,16.32159271476387
2,23,19,14.833415577698023
3,9,13,14.77215468089936
4,5,13,14.499208655024823
