,sma_fast,sma_slow,annual_return
0,15,29,23.388026291653176
1,16,27,22.592735830010845
2,16,26,21.512179671640983
3,16,25,21.322468888268613
4,8,13,20.76549224045196
