,sma_fast,sma_slow,annual_return
0,12,17,24.274328206329685
1,12,16,22.041201307761597
2,4,20,21.779497634576117
3,4,19,21.76751929261968
4,13,16,20.192230153902557
