,sma_fast,sma_slow,annual_return
0,1,81,24.52315071019043
1,1,82,23.6012775827005
2,1,83,23.55418029775156
3,1,84,22.825148619632863
4,1,87,22.102443446734423
