,sma_fast,sma_slow,annual_return
0,5,34,4.7029473926841945
1,9,16,4.598605893698265
2,3,39,4.566250262050483
3,11,12,3.976584846621911
4,3,42,3.970530597236381
