,sma_fast,sma_slow,annual_return
0,29,23,3.5284800516118384
1,28,26,2.057683080468105
2,27,26,2.0360632465574224
3,29,14,1.7599354018022455
4,29,13,1.6552409454518284
