,sma_fast,sma_slow,annual_return
0,16,28,18.826723267254337
1,19,22,16.85126062671086
2,15,28,16.75763575888626
3,20,22,16.740633345872716
4,16,29,16.548149399788674
