,sma_fast,sma_slow,annual_return
0,23,28,42.37733867277946
1,24,27,40.0730693701767
2,22,38,38.18908556199254
3,23,38,37.42423034873676
4,22,39,35.63529664509433
