,sma_fast,sma_slow,annual_return
0,12,36,38.319369408953534
1,15,33,35.52937767592679
2,8,13,34.91802409343064
3,9,49,34.06937731976369
4,16,31,33.8198167615813
