,sma_fast,sma_slow,annual_return
0,6,57,13.232900334814332
1,17,26,13.232248672580653
2,15,23,12.650922737159265
3,6,56,12.25742044701579
4,7,55,12.23167696668872
