,sma_fast,sma_slow,annual_return
0,27,44,39.77196115046376
1,16,46,37.43171335913527
2,21,22,35.27093756664472
3,28,44,34.87557186621379
4,19,48,31.807842345354704
