,ema_fast,ema_slow,annual_return
0,1,16,12.232648513663392
1,1,17,11.486340826657017
2,2,14,11.149622671458594
3,2,15,10.854596795713524
4,1,10,10.12365566898725
