,ema_fast,ema_slow,annual_return
0,10,15,9.704746303571026
1,1,12,9.607388988842027
2,3,10,9.327731840600867
3,9,16,9.065742033019925
4,24,20,9.031088974852208
