,ema_fast,ema_slow,annual_return
0,15,59,9.304768718299846
1,15,58,9.278290561567768
2,16,56,9.278290561567768
3,19,56,8.553160654355734
4,17,60,8.50797615542466
