,ema_fast,ema_slow,annual_return
0,22,40,24.385468761157703
1,23,39,24.385468761157703
2,23,40,23.787834416704698
3,22,41,23.558669899789063
4,22,42,23.284846683900543
