,ema_fast,ema_slow,annual_return
0,13,30,16.45356822832462
1,12,34,16.355004568339933
2,12,32,15.949646492327558
3,13,34,15.88876385112673
4,2,31,15.160595875592072
