,ema_fast,ema_slow,annual_return
0,16,11,7.66091048778532
1,17,10,6.795806746546716
2,15,11,5.913160474956328
3,23,12,5.8817475712076295
4,16,10,5.785760631458773
