,ema_fast,ema_slow,annual_return
0,20,78,16.38688809543672
1,20,79,16.38688809543672
2,2,50,15.193790174292946
3,21,77,14.365789178368768
4,2,51,14.163342097570837
