,ema_fast,ema_slow,annual_return
0,1,12,17.460581006093776
1,1,11,17.242618070565445
2,1,13,13.3732307278597
3,6,12,12.763759571766906
4,7,10,12.00123743546253
