,ema_fast,ema_slow,annual_return
0,11,10,16.760478697863764
1,14,11,16.69623935470573
2,23,15,15.58209884451895
3,15,11,15.391349711069036
4,17,10,14.881712865473151
