,ema_fast,ema_slow,annual_return
0,6,13,39.53960847412583
1,5,14,38.80556631941601
2,5,15,38.70091384506954
3,4,15,38.20357444211664
4,8,12,37.29840143556516
