,ema_fast,ema_slow,annual_return
0,2,10,18.03141633651784
1,2,11,17.50815275423902
2,1,11,16.697861511762117
3,3,10,16.450056013207917
4,1,12,16.434127021607665
