,ema_fast,ema_slow,annual_return
0,24,23,10.368754013620856
1,24,22,10.085368552247626
2,1,69,9.615842112799184
3,7,13,9.53597659798508
4,8,11,8.95573425300517
