,ema_fast,ema_slow,annual_return
0,23,17,13.209457844171032
1,6,29,12.271979323248166
2,22,18,12.232094476342624
3,21,19,11.857059003054218
4,1,23,11.842529192110444
