,ema_fast,ema_slow,annual_return
0,2,19,20.532746428289972
1,3,21,19.15830427364699
2,2,31,18.796922525667487
3,2,32,18.60912458945641
4,2,30,18.588074442197957
