,ema_fast,ema_slow,annual_return
0,2,12,22.24926187314933
1,2,11,18.208287272064585
2,1,61,17.338960883313987
3,1,13,16.82117641959973
4,2,18,16.06134271503433
