,ema_fast,ema_slow,annual_return
0,9,72,24.249066939854277
1,10,70,23.99726428703976
2,9,71,23.95235852780346
3,10,71,23.26857337103686
4,8,76,22.86518766889056
