,ema_fast,ema_slow,annual_return
0,18,16,16.51364303447918
1,23,12,14.177362366540043
2,21,13,14.110450513951376
3,20,14,13.498681510218304
4,19,15,13.467215285637849
