,ema_fast,ema_slow,annual_return
0,2,44,30.448925760140938
1,1,10,30.37181796937152
2,1,11,28.81534294416915
3,2,45,28.32241759552411
4,12,16,26.930773786075697
