,ema_fast,ema_slow,annual_return
0,2,75,29.39783666974632
1,2,68,29.28733281215859
2,2,69,29.274363439237465
3,2,74,29.23589328120076
4,2,70,28.87362907014169
