,ema_fast,ema_slow,annual_return
0,24,79,43.38019582141246
1,24,78,43.38019582141246
2,10,62,42.40021909019752
3,5,54,42.05141640728333
4,9,51,42.03825748379901
