,ema_fast,ema_slow,annual_return,sqn,trades,weighted_average
0,4,29,16.595492502290554,2.1734748317950494,30,13.711088968191453
1,3,76,15.880344673151123,1.7759386418681915,15,13.059463466894536
2,8,67,15.75747569712744,1.8133636327422875,10,12.96865328425041
3,3,77,15.466452645001752,1.6604695403070755,17,12.705256024062818
4,3,79,15.346942125400606,1.862576413877208,15,12.650068983095927
