,ema_fast,ema_slow,annual_return
0,10,15,16.71413458483628
1,12,13,16.298939459985355
2,11,14,16.298939459985355
3,7,20,15.88482718735138
4,8,18,15.359932272296977
