,ema_fast,ema_slow,annual_return
0,23,11,7.088932189379607
1,24,10,6.947912827792643
2,22,14,6.825343096991508
3,24,13,6.548234947721432
4,24,11,6.461600778231317
