,ema_fast,ema_slow,annual_return
0,11,38,16.509798507325993
1,1,74,16.04112873969307
2,11,37,15.821752581475392
3,12,36,15.690544218273148
4,17,31,15.569283151512051
