,ema_fast,ema_slow,annual_return
0,2,74,40.12418348885724
1,2,73,39.24282331969697
2,20,79,38.32876806210889
3,2,77,37.91144265082973
4,2,76,37.55495025216668
