,ema_fast,ema_slow,annual_return
0,8,20,19.488403526757946
1,5,27,19.46631686560845
2,5,74,19.410238984521666
3,5,75,19.25687992248309
4,4,28,18.583515497476427
