,ema_fast,ema_slow,annual_return
0,4,17,44.16249463588369
1,3,21,41.659220904193006
2,3,20,40.89186192959526
3,4,15,39.14262687826014
4,4,16,38.900616602340776
