,ema_fast,ema_slow,annual_return
0,11,42,18.451512041073368
1,9,54,17.37400964691044
2,11,43,17.19118079578727
3,10,44,17.101280521440746
4,9,47,16.2214838619897
