,ema_fast,ema_slow,annual_return
0,15,12,12.907064600233737
1,14,13,12.907064600233737
2,18,10,11.536971808769485
3,18,11,10.741097117257098
4,1,12,10.555154461283331
