,ema_fast,ema_slow,annual_return
0,18,14,8.605004193677077
1,17,15,8.605004193677077
2,1,20,7.345408239761562
3,1,21,7.345408239761562
4,19,10,7.2719770510605315
