,ema_fast,ema_slow,annual_return
0,24,23,6.479923427438496
1,24,22,5.615833355860165
2,22,16,4.753003952482739
3,24,11,4.6799146656946125
4,24,21,4.669716163354982
