,ema_fast,ema_slow,annual_return
0,20,19,5.448199430833261
1,24,23,5.189096018503915
2,15,10,5.137269930691168
3,2,10,5.022480705340735
4,13,12,4.961507209380736
