,ema_fast,ema_slow,annual_return
0,11,10,17.226399371943927
1,12,10,14.499753320720457
2,15,10,13.4655965956168
3,21,19,13.390593480913852
4,13,11,13.310170125665314
