,ema_fast,ema_slow,annual_return
0,24,15,13.389225618739427
1,23,16,11.9817316398395
2,24,16,11.771465894855828
3,22,18,11.566630909272366
4,21,19,11.566630909272366
