,ema_fast,ema_slow,annual_return
0,1,10,25.554083156222053
1,1,11,22.012651934494567
2,6,20,10.031576660969725
3,7,19,7.097525052895372
4,6,21,6.305477029839802
