,ema_fast,ema_slow,annual_return
0,24,19,14.043644013855705
1,23,19,13.814897041729605
2,24,18,13.814897041729605
3,22,20,13.814897041729605
4,22,21,13.658241601283963
