,ema_fast,ema_slow,annual_return
0,24,22,20.749198504169165
1,23,22,19.768410980211364
2,24,21,19.768410980211364
3,24,20,19.768410980211364
4,23,21,19.768410980211364
