,ema_fast,ema_slow,annual_return
0,5,13,21.57329001133461
1,6,12,21.215793733714385
2,6,10,21.001772898969826
3,7,10,20.579711102873112
4,5,11,20.22365555680471
