,ema_fast,ema_slow,annual_return
0,1,24,23.895622646687368
1,1,26,21.853161870575494
2,1,25,21.724193982467277
3,1,47,20.77726890288668
4,1,46,20.77726890288668
