,ema_fast,ema_slow,annual_return
0,2,62,24.807069873845965
1,4,57,24.725306752627123
2,3,60,24.72523063005135
3,3,63,24.676725116633367
4,3,59,24.65518243243074
