,ema_fast,ema_slow,annual_return
0,8,11,16.641387165516257
1,9,10,16.467349199491377
2,7,12,16.395976998242055
3,9,30,16.385882773553032
4,12,22,16.211572914542202
