,ema_fast,ema_slow,annual_return
0,1,53,8.274588639191865
1,3,40,8.154861005762326
2,1,52,7.536032158814299
3,3,29,6.992755908931439
4,1,55,6.984722076478768
