,ema_fast,ema_slow,annual_return
0,10,12,54.859789817833125
1,8,12,53.01829310340603
2,7,13,53.01829310340603
3,4,15,51.14844307846991
4,8,15,50.69495588169575
