,ema_fast,ema_slow,annual_return
0,24,76,8.463703423683121
1,23,78,8.463703423683121
2,23,79,8.428842397789605
3,24,77,8.428842397789605
4,23,77,8.272317102073124
