,ema_fast,ema_slow,annual_return
0,12,11,20.49286252965095
1,24,21,20.160507673278403
2,23,64,19.74609659162374
3,23,22,19.693171591079587
4,23,62,18.931462654506763
