,ema_fast,ema_slow,annual_return
0,16,24,60.418138865915296
1,8,36,60.34321195026309
2,11,31,60.33508183475706
3,9,34,60.33508183475706
4,18,21,60.32643466161025
