,ema_fast,ema_slow,annual_return
0,24,22,13.89874933242863
1,24,23,7.742511291547313
2,13,12,6.250211846112533
3,17,10,4.915614168254915
4,23,22,4.881363328209209
