,ema_fast,ema_slow,annual_return
0,3,43,30.810776244185423
1,4,41,30.73472996120979
2,2,44,30.721047838033645
3,3,42,30.140635917651785
4,3,44,29.986042259066693
