,ema_fast,ema_slow,annual_return
0,1,75,20.44020878272701
1,1,72,20.30389187698674
2,1,73,20.134775289778464
3,1,74,20.083189484005533
4,1,76,20.0284609193606
