,ema_fast,ema_slow,annual_return
0,19,21,22.81558924908452
1,18,22,22.81558924908452
2,12,30,22.76138822171361
3,13,28,22.55207585333166
4,16,25,22.489106326248997
