,ema_fast,ema_slow,annual_return
0,3,20,18.71600694139727
1,3,21,17.66157011497905
2,10,13,16.378341801836687
3,8,15,15.839894376921157
4,9,14,15.707052828777138
