,ema_fast,ema_slow,annual_return
0,4,33,13.175181467795664
1,4,32,12.657760930212175
2,4,35,12.46881018188557
3,4,34,12.2338036202436
4,3,66,11.909322870338013
