,ema_fast,ema_slow,annual_return
0,21,75,30.014904119549456
1,21,74,30.014904119549456
2,21,73,30.014904119549456
3,22,72,30.014904119549456
4,22,73,30.014904119549456
