,ema_fast,ema_slow,annual_return
0,14,64,17.15021184442794
1,15,57,16.92391190425887
2,15,58,16.92391190425887
3,15,59,16.84858551120378
4,14,61,16.689137297132355
