,ema_fast,ema_slow,annual_return
0,2,22,31.510983657482704
1,3,23,25.6316126864444
2,1,24,22.18307668398252
3,1,25,22.156699433323077
4,2,24,21.250588410494515
