,ema_fast,ema_slow,annual_return
0,2,66,31.108863402152004
1,2,67,31.038140589116274
2,3,57,28.852009109995493
3,2,65,28.62249330814141
4,2,28,28.47412769530748
