,ema_fast,ema_slow,annual_return
0,24,65,18.779601981356727
1,22,70,18.56397451973614
2,23,67,18.46598631908946
3,24,66,18.260548916473223
4,21,73,18.016472441563952
