,ema_fast,ema_slow,annual_return
0,21,23,15.238141219862417
1,20,25,14.036065769574648
2,19,26,13.297737606703508
3,20,24,12.265297195083663
4,18,27,12.165302891639666
