,ema_fast,ema_slow,annual_return
0,23,61,54.86460061373695
1,21,65,54.86460061373695
2,22,63,54.86460061373695
3,20,67,54.86460061373695
4,20,66,54.86460061373695
