,ema_fast,ema_slow,annual_return
0,8,15,20.455954706974484
1,8,16,19.44882548200338
2,7,15,18.43070027164366
3,8,13,17.2278868324645
4,9,14,17.087825878711875
