,ema_fast,ema_slow,annual_return
0,24,16,15.01053989879482
1,4,19,14.037527065780903
2,16,13,13.659239810053837
3,15,14,13.361267264366372
4,23,19,13.320360537133212
