,ema_fast,ema_slow,annual_return
0,5,18,15.90160185440553
1,4,21,15.522983805887424
2,5,19,14.922520977015685
3,5,20,13.114629727276686
4,4,20,12.324134673436877
