,ema_fast,ema_slow,annual_return
0,13,17,28.340543970917803
1,14,16,26.47373251495883
2,13,35,26.095855937534253
3,2,26,25.015410082156297
4,14,34,24.960674769979928
