,ema_fast,ema_slow,annual_return
0,14,47,17.819590025335724
1,13,47,17.75724912461799
2,14,46,17.619705909560505
3,12,50,17.54082422310995
4,13,48,17.475623030472835
