,ema_fast,ema_slow,annual_return
0,2,77,14.094325924675676
1,2,78,14.094325924675676
2,1,68,13.95686270285157
3,2,76,13.676651187851297
4,1,69,13.624371561162889
