,ema_fast,ema_slow,annual_return
0,24,13,0.5985423423834285
1,21,15,0.4096346029247691
2,20,15,0.3826551625619648
3,23,13,0.3636390586992507
4,22,14,0.3636390586992507
