,ema_fast,ema_slow,annual_return
0,6,13,25.080447497123444
1,7,10,24.981171918448972
2,9,10,24.83327214888914
3,8,11,24.757062084872643
4,7,12,24.287732113719407
