,ema_fast,ema_slow,annual_return
0,15,29,15.235965387596424
1,17,26,15.041689242539618
2,19,24,14.9601804117078
3,18,25,14.9601804117078
4,16,28,14.692114649979471
