,ema_fast,ema_slow,annual_return
0,3,44,33.45373062039578
1,10,71,33.07951000560804
2,3,43,33.01420798535632
3,8,42,32.966350019544976
4,9,68,32.8734465776881
