,ema_fast,ema_slow,annual_return
0,13,79,25.23293954446897
1,13,78,24.74265542905569
2,14,75,24.550793236879283
3,14,74,24.48516228792834
4,10,79,24.450016254292127
