,ema_fast,ema_slow,annual_return
0,11,21,51.470280375845725
1,10,24,49.534097293939226
2,11,23,49.30234284012587
3,9,26,48.15142796650658
4,14,17,48.14135463524832
