,ema_fast,ema_slow,annual_return
0,5,13,17.780672121071436
1,4,15,15.49958981773931
2,12,17,15.46017749621928
3,11,18,15.46017749621928
4,13,15,15.404619324429987
