,ema_fast,ema_slow,annual_return
0,13,58,28.00630054040889
1,12,57,27.1800298966773
2,14,66,27.05413836289552
3,15,23,27.04468114680566
4,12,62,27.021113411272253
