,ema_fast,ema_slow,annual_return
0,19,10,15.224371777409551
1,18,10,15.176515136615754
2,14,12,14.228207485091191
3,18,11,14.016418532249714
4,15,11,13.933550713525792
