,ema_fast,ema_slow,annual_return
0,19,65,26.002529826506706
1,20,63,23.09189282796928
2,20,62,23.036300735180664
3,19,64,22.91142883458214
4,21,60,22.59645033192669
