,ema_fast,ema_slow,annual_return
0,13,34,33.62376586189561
1,14,32,33.59066719876703
2,15,30,33.154997567301244
3,17,26,33.073513628799404
4,19,23,33.073513628799404
