,ema_fast,ema_slow,annual_return
0,9,76,17.09561247191291
1,9,69,16.89846670494643
2,5,70,16.46476298570729
3,5,71,16.46476298570729
4,7,40,16.407727972388315
