,ema_fast,ema_slow,annual_return
0,16,17,21.532964580834587
1,10,31,21.078365775377485
2,9,29,20.638933052923264
3,10,29,19.68050768597859
4,9,33,19.559086214770307
