,ema_fast,ema_slow,annual_return
0,10,11,43.847399028525146
1,9,12,43.58480038535063
2,8,13,41.20056606020151
3,9,11,41.10446646663249
4,7,14,40.666557529005495
