,ema_fast,ema_slow,annual_return
0,10,76,20.245591421236405
1,12,67,19.43134250664278
2,10,77,19.414708624499973
3,10,78,19.414708624499973
4,10,79,19.2400275291096
