,ema_fast,ema_slow,annual_return
0,24,17,5.516064139859914
1,21,19,4.962984774288047
2,22,18,4.962984774288047
3,23,18,4.678589803009753
4,22,19,4.678589803009753
