,ema_fast,ema_slow,annual_return
0,16,15,12.3256548589011
1,17,14,12.3256548589011
2,13,11,12.17991428480117
3,14,10,11.776251477163742
4,23,10,11.548285359761614
