,ema_fast,ema_slow,annual_return
0,8,20,21.517251387825063
1,8,19,20.89663025155252
2,8,17,20.830934219559268
3,8,18,20.638016684501007
4,9,65,20.293660178500083
