,ema_fast,ema_slow,annual_return
0,9,40,18.062123994551254
1,9,41,17.699387258699765
2,10,40,17.573807723002673
3,9,39,17.456000116214426
4,8,42,17.249442885572876
