,ema_fast,ema_slow,annual_return
0,13,11,9.000450462611962
1,24,22,8.924638281833062
2,15,10,8.835943761731862
3,14,10,8.799988405937002
4,12,11,8.592421278809155
