,ema_fast,ema_slow,annual_return
0,22,21,11.183992368407129
1,24,19,11.183992368407129
2,24,17,10.941308204620707
3,23,20,10.843823966835256
4,23,19,10.387772054129009
