,ema_fast,ema_slow,annual_return
0,5,79,9.3761325587876
1,5,67,9.230294836714286
2,5,66,9.230294836714286
3,4,19,9.228179646892034
4,24,23,9.095573091615057
