,ema_fast,ema_slow,annual_return
0,1,13,37.632013732988455
1,1,15,37.380777374018834
2,1,14,32.915762163747345
3,22,48,30.331079143425875
4,1,12,30.239599796149975
