,ema_fast,ema_slow,annual_return
0,17,13,9.732034422683846
1,22,10,9.674676577454717
2,16,14,9.606417037371797
3,18,13,8.809413035073211
4,21,11,8.621267316179958
