,ema_fast,ema_slow,annual_return
0,8,30,15.318511761528503
1,12,32,14.482271168837489
2,9,36,14.05794872375846
3,7,42,13.912370958791916
4,11,35,13.743657520669425
