,ema_fast,ema_slow,annual_return
0,14,11,21.48196425191965
1,13,12,20.59897700600216
2,15,10,19.88250122925814
3,16,73,17.162173407605618
4,15,78,16.98183651135054
