,ema_fast,ema_slow,annual_return
0,23,19,18.89993170745568
1,22,20,18.89993170745568
2,14,12,18.802307874343967
3,24,22,18.380148133053037
4,15,11,18.36526637777997
