,ema_fast,ema_slow,annual_return
0,21,10,18.105655031503325
1,22,10,17.167276201020158
2,22,11,14.065350372628163
3,15,11,13.869257032530973
4,14,12,13.621687142866763
