,ema_fast,ema_slow,annual_return
0,22,13,15.27448829005092
1,22,11,15.064346243966687
2,13,56,14.645338870156548
3,15,56,14.550942146143193
4,15,55,14.550942146143193
