,ema_fast,ema_slow,annual_return
0,2,71,35.54421007631175
1,2,73,34.138100002972294
2,2,74,34.068702290247025
3,2,75,34.068702290247025
4,2,76,34.068702290247025
