,ema_fast,ema_slow,annual_return
0,1,30,17.673914429429306
1,15,54,17.508049302487805
2,15,55,17.257806644304093
3,16,53,17.22906415323305
4,18,79,17.115876295412207
