,ema_fast,ema_slow,annual_return
0,13,30,21.971598832768738
1,13,29,21.73515233743388
2,14,28,20.244991916786297
3,16,26,20.0495436122046
4,16,25,19.648780300474748
