,ema_fast,ema_slow,annual_return
0,3,71,43.368518927441926
1,3,70,43.164865484502045
2,4,61,39.85571084956205
3,6,63,39.57488881998595
4,5,58,39.51337126417405
