,ema_fast,ema_slow,annual_return
0,3,17,51.21877748181228
1,4,13,48.86537684391477
2,4,14,48.75236021375698
3,5,12,48.29139252497049
4,2,18,47.949584808824206
