,ema_fast,ema_slow,annual_return
0,4,47,21.814980133149835
1,7,33,21.1759199144405
2,4,48,20.914917279990576
3,4,49,20.314929503187397
4,8,30,19.516438106461244
