,ema_fast,ema_slow,annual_return
0,15,12,24.93370097377416
1,16,12,24.07196353978116
2,17,11,23.85370201503192
3,14,13,23.500291068761516
4,16,11,23.02554854420781
