,ema_fast,ema_slow,annual_return
0,18,16,2.733271335482392
1,19,15,2.733271335482392
2,22,12,2.043074144001161
3,23,12,1.943130390787924
4,20,14,1.9026402813164631
