,ema_fast,ema_slow,annual_return
0,15,11,19.521749654377253
1,14,12,19.10925922456848
2,13,12,18.281401491407376
3,12,11,18.09559660877848
4,13,11,17.91657772513002
