,ema_fast,ema_slow,annual_return
0,16,19,30.849785055844297
1,15,20,30.474829766721975
2,13,23,30.054861793970893
3,12,24,29.314504123952617
4,13,24,28.41734938017528
