,ema_fast,ema_slow,annual_return
0,11,10,29.25128693268621
1,2,36,28.226681604900367
2,12,10,27.937099380415734
3,13,41,27.07127650652561
4,8,36,26.350914017698692
