,ema_fast,ema_slow,annual_return
0,5,13,22.518234432853998
1,10,47,21.48939192016742
2,4,14,21.29709898899915
3,5,69,20.820179054473115
4,10,54,20.811151729982207
