,ema_fast,ema_slow,annual_return
0,1,14,8.530723004860373
1,1,20,8.243804958648097
2,1,15,8.236216370047481
3,1,17,8.2121132513992
4,1,18,8.09217817275319
