,ema_fast,ema_slow,annual_return
0,4,30,35.25060347940741
1,4,31,34.64689542608728
2,15,73,33.970572151386634
3,16,71,33.56713745185246
4,1,29,33.5353008688797
