,ema_fast,ema_slow,annual_return
0,24,23,12.809199968317008
1,24,13,12.423006388442293
2,13,40,11.709706071722064
3,13,12,11.662303682177392
4,14,11,11.662303682177392
