,ema_fast,ema_slow,annual_return
0,22,18,16.00914465372342
1,21,19,15.803439144454387
2,21,16,15.750244136866057
3,19,18,15.72711559997299
4,20,17,15.565070239884776
