,ema_fast,ema_slow,annual_return
0,3,22,16.908683307901917
1,2,24,16.497281540886785
2,3,23,16.488365799198572
3,3,24,16.16260854229173
4,2,20,16.11492951375943
