,ema_fast,ema_slow,annual_return
0,7,28,15.943046043585666
1,4,37,15.943046043585666
2,5,33,15.943046043585666
3,6,28,15.943046043585666
4,6,29,15.943046043585666
