,ema_fast,ema_slow,annual_return
0,18,24,15.761864999340764
1,19,23,15.73129654019391
2,6,79,15.492268697059805
3,6,78,15.380546784552942
4,19,22,15.268770620908144
