,ema_fast,ema_slow,annual_return
0,1,13,21.136255920671704
1,1,14,15.985958359718955
2,1,11,14.69189873621977
3,1,10,14.62964335831209
4,1,30,13.80394092408743
