,ema_fast,ema_slow,annual_return
0,12,11,59.60594732161586
1,13,10,58.16273752407768
2,11,10,46.50453356977966
3,12,10,44.0675938197953
4,13,11,40.66780603140086
