,ema_fast,ema_slow,annual_return
0,3,34,32.9679016038773
1,9,11,32.11745914417856
2,7,14,32.098945237953586
3,8,12,30.91889398119249
4,6,16,29.802321571310035
