,ema_fast,ema_slow,annual_return
0,6,79,17.248734265009805
1,24,68,16.06201909755947
2,24,67,16.06201909755947
3,23,71,14.986829172910406
4,24,69,14.721154005668147
