,ema_fast,ema_slow,annual_return
0,3,10,92.7001633946012
1,3,11,91.604127400508
2,16,49,91.50853659423774
3,17,49,91.50853659423774
4,17,48,91.50853659423774
