,ema_fast,ema_slow,annual_return
0,12,38,16.8881243401998
1,13,37,16.281838079461632
2,12,37,15.554501804902571
3,14,32,15.510234974545504
4,11,38,15.365006910592212
