,ema_fast,ema_slow,annual_return
0,21,43,14.516110026278792
1,22,43,13.016328999035384
2,22,36,12.436945534221042
3,23,38,12.183456976114982
4,24,37,12.183456976114982
