,ema_fast,ema_slow,annual_return
0,1,22,14.207467823532216
1,1,23,12.474260137406525
2,13,11,11.884786096774636
3,1,19,11.5519658084265
4,1,20,11.109853327271733
