,ema_fast,ema_slow,annual_return
0,8,65,9.15001494189736
1,8,64,9.050996111610198
2,8,67,7.583760849992066
3,8,68,7.57412379517403
4,8,69,7.371415155075564
