,ema_fast,ema_slow,annual_return
0,19,55,16.107399018182203
1,24,45,15.864123499368398
2,22,48,15.437648420063438
3,19,53,15.37223491731086
4,22,47,15.3101165446837
