,ema_fast,ema_slow,annual_return
0,24,14,7.080704806395698
1,21,17,6.562183827129589
2,20,18,6.378287658753192
3,23,15,6.252790582926064
4,22,16,6.252790582926064
