,ema_fast,ema_slow,annual_return
0,4,44,25.710398968629637
1,4,45,25.002836489670564
2,4,47,24.45102518399081
3,4,46,24.193950219028903
4,3,49,24.08183834303696
