,ema_fast,ema_slow,annual_return
0,1,23,23.579250301693687
1,1,22,23.49988481628469
2,18,16,22.712589468918463
3,1,24,22.668026682387225
4,1,25,22.43450241212498
