,ema_fast,ema_slow,annual_return
0,11,31,18.9495748581859
1,9,37,18.685323131768584
2,9,38,18.40410893293866
3,9,36,18.26099698152042
4,16,23,18.223626875563355
