,ema_fast,ema_slow,annual_return
0,6,22,28.896471729776145
1,5,26,27.537878691278934
2,5,25,26.892848159143615
3,5,27,26.402957362467976
4,5,23,26.29487351238422
