,ema_fast,ema_slow,annual_return
0,10,14,21.243379071595854
1,11,13,21.092804173396367
2,2,34,20.96437830344179
3,4,32,20.726763676725174
4,2,33,20.55300199546475
