,ema_fast,ema_slow,annual_return
0,3,38,22.490325513783024
1,2,36,22.445515408546303
2,3,33,22.273888918833077
3,3,35,22.171507323759144
4,3,34,22.0132345173376
