,ema_fast,ema_slow,annual_return
0,22,13,11.0050342137514
1,18,17,10.059052322408045
2,19,16,10.059052322408045
3,20,15,10.012157210087167
4,17,15,10.000021868030284
