,ema_fast,ema_slow,annual_return
0,7,35,18.002026289884142
1,6,39,18.002026289884142
2,6,40,17.117307849342538
3,13,10,15.472328175281486
4,12,11,15.140850635511516
