,ema_fast,ema_slow,annual_return
0,2,12,40.14847993217509
1,2,11,38.33444411151836
2,2,13,38.08816976940979
3,3,14,37.83932170970147
4,1,10,35.361631383995146
