,ema_fast,ema_slow,annual_return
0,10,68,21.853770259300216
1,1,53,21.799465924929923
2,1,49,21.721077826486848
3,1,50,21.29109699923233
4,10,69,20.975639650442147
