,ema_fast,ema_slow,annual_return
0,19,36,18.139397977753383
1,18,36,17.440589590178593
2,19,35,17.168251211828085
3,20,35,16.401047321690456
4,21,34,16.20772907922407
