,ema_fast,ema_slow,annual_return
0,6,10,18.75948184349647
1,5,11,17.678148766003
2,5,10,17.31146489192641
3,4,13,17.086986953320967
4,6,11,16.27053119094341
