,ema_fast,ema_slow,annual_return
0,20,10,7.133941043405017
1,18,11,6.767727856164475
2,17,10,6.713717422071208
3,20,17,6.699681103205195
4,19,18,6.699681103205195
