,ema_fast,ema_slow,annual_return
0,10,13,13.198011984629392
1,11,12,13.162947789841644
2,8,15,12.307222277946405
3,9,10,12.081359093413576
4,9,12,12.021276238644967
