,ema_fast,ema_slow,annual_return
0,16,70,18.079031187829067
1,16,71,17.07823966041761
2,10,73,16.05709492076752
3,20,77,15.844199506556947
4,19,79,15.844199506556947
