,ema_fast,ema_slow,annual_return
0,16,10,26.529698671137087
1,13,12,25.478519272480764
2,14,11,25.478519272480764
3,15,10,25.478519272480764
4,13,11,20.187358833623144
