,ema_fast,ema_slow,annual_return
0,24,75,15.412260879486707
1,10,79,15.163162521852804
2,24,76,15.04099755469561
3,20,48,14.804766109176578
4,23,79,14.763516265753218
