,ema_fast,ema_slow,annual_return
0,17,13,3.578729013295001
1,21,10,3.370172444081127
2,18,12,3.342158587840902
3,16,13,3.16164524384824
4,15,14,3.16164524384824
