,ema_fast,ema_slow,annual_return
0,8,78,28.24350703333622
1,8,77,28.24350703333622
2,9,76,27.78415176751845
3,8,79,27.7322597374127
4,11,68,27.645010949402977
