,ema_fast,ema_slow,annual_return
0,1,11,30.005520122621764
1,1,12,26.8959248174459
2,1,10,25.90329462139644
3,1,13,25.027688850563752
4,3,10,24.95887498499148
