,ema_fast,ema_slow,annual_return
0,1,65,20.37478010918537
1,1,66,20.279768004214464
2,1,55,18.70799980874099
3,1,57,18.07125535062769
4,1,59,17.988685152278435
