,ema_fast,ema_slow,annual_return
0,24,23,38.54251925624223
1,24,22,34.259266556285375
2,6,11,26.11522468862004
3,7,10,24.43348515172525
4,5,12,23.379246010988723
