,ema_fast,ema_slow,annual_return
0,1,25,22.236318469608825
1,1,27,21.63875054710567
2,1,26,21.532665830061475
3,5,43,13.311518322954438
4,5,42,12.87128173250629
