,ema_fast,ema_slow,annual_return
0,4,37,21.89347171438932
1,4,36,21.78466100666184
2,4,38,21.19645896647366
3,3,71,20.335535326768596
4,8,25,20.14412292724864
