,ema_fast,ema_slow,annual_return
0,24,12,21.258617569398275
1,23,13,17.595060222071364
2,24,13,17.02544262974747
3,23,21,16.58680266901179
4,24,20,16.55170687682565
