,ema_fast,ema_slow,annual_return
0,24,75,28.90918741715593
1,24,74,28.90918741715593
2,24,73,28.89693745116797
3,21,78,25.408124995613136
4,23,76,25.274956266487337
