,ema_fast,ema_slow,annual_return
0,17,77,12.52152422279915
1,17,78,12.517848720439146
2,18,76,12.34927885237529
3,24,22,11.763155240271503
4,17,79,11.696365503411643
