,ema_fast,ema_slow,annual_return
0,1,46,23.736460863083668
1,16,69,22.81249125174301
2,1,45,22.687820087718755
3,2,58,22.53829499655463
4,23,53,22.517729692345934
