,ema_fast,ema_slow,annual_return
0,7,77,94.48258009029487
1,7,79,94.48258009029487
2,8,75,94.48258009029487
3,8,76,94.48258009029487
4,8,77,94.48258009029487
