,ema_fast,ema_slow,annual_return
0,24,79,16.991856717622362
1,6,11,13.474678507365272
2,2,15,13.155261984448188
3,2,13,12.939413728900362
4,24,66,12.469724352778414
