,ema_fast,ema_slow,annual_return
0,4,51,23.08990427584605
1,6,41,22.36850977537004
2,4,48,22.36320888430016
3,4,52,22.06994562640848
4,4,53,21.81365267994051
