,ema_fast,ema_slow,annual_return
0,1,17,13.008497967051792
1,2,15,12.748686142372613
2,2,14,12.325267379158626
3,2,16,12.033666156850098
4,1,25,11.415208675488389
