,ema_fast,ema_slow,annual_return
0,2,63,24.00004638769465
1,2,61,23.928772217909795
2,2,64,23.656869657427237
3,2,62,23.40055745538429
4,2,70,22.116163090599446
