,ema_fast,ema_slow,annual_return
0,11,37,21.790795161529115
1,10,40,21.27398494077449
2,10,39,20.55696770568225
3,9,42,20.29688186809544
4,8,43,19.63445934874577
