,ema_fast,ema_slow,annual_return
0,1,28,16.98227313841476
1,1,29,16.613036212414006
2,4,29,16.595492502290554
3,3,76,15.880344673151123
4,8,67,15.75747569712744
