,ema_fast,ema_slow,annual_return
0,24,32,22.359865359308923
1,23,33,22.359865359308923
2,12,56,22.25354445314757
3,23,34,21.629521218124967
4,22,35,21.629521218124967
