,ema_fast,ema_slow,annual_return
0,19,44,29.32167053432301
1,21,38,28.57875629511967
2,22,36,28.409399095445664
3,17,46,28.257954062824957
4,16,48,28.05461011400028
