,ema_fast,ema_slow,annual_return
0,24,46,17.365511769810837
1,23,45,16.957329344869983
2,24,44,16.957329344869983
3,22,47,16.957329344869983
4,16,77,16.78821951237679
