,ema_fast,ema_slow,annual_return
0,3,27,41.57420932815795
1,4,27,41.32868752741311
2,4,26,41.29506510620817
3,6,26,41.29012185333786
4,3,28,41.10689933745821
