,ema_fast,ema_slow,annual_return
0,12,13,22.86585273927218
1,11,14,21.89141498046825
2,10,15,21.128960505852355
3,14,15,20.469643895349208
4,13,15,20.465819266685383
