,ema_fast,ema_slow,annual_return
0,24,30,15.60608493029674
1,23,32,15.113038034133536
2,24,31,15.00914072192934
3,5,65,14.594079873847562
4,19,32,13.9240716516972
