,ema_fast,ema_slow,annual_return
0,3,33,23.53262106117303
1,3,34,22.934440875093287
2,2,37,22.44723393212517
3,3,29,22.38632876034246
4,2,30,21.88973554358237
