,ema_fast,ema_slow,annual_return
0,21,20,31.583014978295832
1,22,19,30.0671566517596
2,24,14,29.429089877835075
3,19,16,28.84193860285433
4,22,17,28.71066622332435
