,ema_fast,ema_slow,annual_return
0,1,17,10.534736181072107
1,1,18,10.451596717944517
2,13,10,10.106066458971918
3,1,19,10.090894090566453
4,14,46,10.026645890449746
