,ema_fast,ema_slow,annual_return
0,1,11,12.246899049538964
1,1,12,9.301632534803312
2,7,62,9.247313053406488
3,24,56,9.244683078950723
4,11,72,9.181778945608158
