,ema_fast,ema_slow,annual_return
0,6,65,50.188521989127366
1,6,64,50.07062101915062
2,6,68,47.64480018668623
3,7,64,46.39688231046477
4,11,39,46.05220487554605
