,ema_fast,ema_slow,annual_return
0,24,20,21.5541204552662
1,23,21,21.5541204552662
2,24,19,19.658440300154027
3,23,20,18.66920325676285
4,22,21,18.66920325676285
