,ema_fast,ema_slow,annual_return
0,18,19,40.47804308648791
1,15,23,38.76384411265098
2,22,60,38.473148527744186
3,16,22,37.90900377014847
4,1,39,36.99877718663721
