,ema_fast,ema_slow,annual_return
0,6,15,1.3404344976910203
1,7,14,0.548772610723714
2,8,13,0.5322785842463377
3,5,17,0.5036436180841666
4,5,18,0.4070484546011644
