,ema_fast,ema_slow,annual_return
0,21,79,16.17531529512175
1,22,76,15.41506153068251
2,22,78,15.220611918362698
3,23,77,15.050312779034089
4,22,77,14.812683498103285
