,ema_fast,ema_slow,annual_return
0,12,76,18.902626838018204
1,12,75,18.751518593255977
2,13,72,18.719397049665236
3,24,68,18.693575572010968
4,13,73,18.48372933868491
