,ema_fast,ema_slow,annual_return
0,3,22,12.708659008856666
1,24,23,12.298803668254736
2,19,28,11.807289727399093
3,20,27,11.7310953673417
4,3,21,11.259521234278802
