,ema_fast,ema_slow,annual_return
0,4,38,16.10835707298681
1,4,40,15.043832966182707
2,5,39,15.034881619768962
3,5,38,14.985359254663372
4,5,40,14.836641449493412
