,ema_fast,ema_slow,annual_return
0,9,11,22.591354075635664
1,18,27,21.93215907233873
2,16,29,21.875151416027315
3,17,28,21.799066943100577
4,9,10,21.09624292153955
