,ema_fast,ema_slow,annual_return
0,13,57,84.25397971454645
1,14,55,84.16864939689707
2,14,56,84.16864939689707
3,14,54,83.80038599353742
4,13,56,83.22616810840937
