,ema_fast,ema_slow,annual_return
0,11,10,10.008395750417195
1,22,21,9.9041730856843
2,23,20,9.9041730856843
3,24,19,9.686013916531344
4,24,18,9.197850800823822
