,ema_fast,ema_slow,annual_return
0,13,14,6.779128068364902
1,12,15,6.481896864523685
2,11,16,6.390238237674444
3,7,15,6.297046723718185
4,7,14,6.128187428246155
