,ema_fast,ema_slow,annual_return
0,6,24,12.629575741608068
1,7,22,12.252679611076188
2,6,25,12.03705612544396
3,7,23,11.662134718931464
4,8,22,11.6296801867315
