,ema_fast,ema_slow,annual_return
0,13,17,18.628997011317807
1,12,19,18.3250160528755
2,12,18,17.97125881272115
3,14,16,17.70977470932978
4,11,20,17.532195511370496
