,ema_fast,ema_slow,annual_return
0,8,73,7.452387155737925
1,24,23,7.140706111695703
2,8,72,6.9484723293663135
3,23,22,6.912847498839445
4,24,21,6.912847498839445
