,ema_fast,ema_slow,annual_return
0,2,46,17.761711168026746
1,2,47,17.34848891460343
2,2,44,17.04387661339929
3,2,41,17.023868237095535
4,3,43,17.01015747066134
