,ema_fast,ema_slow,annual_return
0,8,45,14.045611271114575
1,10,42,13.467314356005868
2,9,43,12.89179679641384
3,10,41,12.858251804688855
4,8,44,12.756354517345216
