,ema_fast,ema_slow,annual_return
0,1,18,11.895025838626458
1,1,17,10.55603192553041
2,1,12,10.003388578164484
3,24,21,9.569520237985708
4,23,22,9.569520237985708
