,ema_fast,ema_slow,annual_return
0,23,36,26.476016896660997
1,24,35,26.35216339215657
2,22,37,26.258498983413503
3,23,35,26.01801324762097
4,24,34,26.01801324762097
