,ema_fast,ema_slow,annual_return
0,3,11,14.206485149760722
1,21,69,13.725215335727125
2,21,70,13.725215335727125
3,22,67,13.223829738915285
4,23,65,13.223829738915285
