,ema_fast,ema_slow,annual_return
0,1,50,33.108317139835066
1,1,51,33.108317139835066
2,1,52,33.02558492749583
3,8,33,32.025776215555254
4,1,49,31.86883739992205
