,ema_fast,ema_slow,annual_return
0,6,30,22.478300740558375
1,8,21,21.006428476496296
2,12,25,20.8242979423168
3,7,29,20.662022949839315
4,7,30,20.299610870309834
