,ema_fast,ema_slow,annual_return
0,23,57,24.015017220822173
1,24,57,23.76885354559279
2,24,54,22.88627401609045
3,24,55,22.813782844913675
4,24,56,22.29765033223264
