,ema_fast,ema_slow,annual_return
0,22,23,21.58570932987601
1,21,24,21.58570932987601
2,21,69,21.487412366095487
3,13,41,21.18889163019813
4,12,44,21.15495442477504
