,ema_fast,ema_slow,annual_return
0,14,41,13.413924109283364
1,12,40,13.411784501762316
2,13,42,13.26681002394497
3,13,37,13.165077020876453
4,13,43,13.165008262255707
