,ema_fast,ema_slow,annual_return
0,18,16,13.67144419964482
1,19,15,13.41512828515322
2,20,15,13.322178669397264
3,24,22,13.139522961954976
4,23,13,13.121358473205971
