,ema_fast,ema_slow,annual_return
0,4,51,13.558377786050428
1,4,52,13.558377786050428
2,6,43,13.11858095479922
3,5,45,13.085976216593112
4,5,44,13.085976216593112
