,ema_fast,ema_slow,annual_return
0,2,36,37.17354272678188
1,2,33,36.94112549362308
2,2,34,35.88331494484307
3,2,37,35.599881446456635
4,2,38,35.30844177459398
