,ema_fast,ema_slow,annual_return
0,13,10,17.608750891462158
1,12,11,16.01547069586798
2,14,12,15.860451796752434
3,14,10,15.842580889267294
4,13,11,15.842580889267294
