,ema_fast,ema_slow,annual_return
0,3,29,30.72971664787159
1,3,30,28.36746508078476
2,4,29,28.048099796168803
3,7,24,27.387471793653408
4,2,44,26.940773225977534
