,ema_fast,ema_slow,annual_return
0,24,72,14.848066457815548
1,24,73,13.99962356880027
2,23,74,13.852877247279546
3,22,76,13.852877247279546
4,23,75,13.852877247279546
