,ema_fast,ema_slow,annual_return
0,18,47,31.19958758423966
1,17,47,30.006056739936906
2,16,49,29.455759608041703
3,17,49,29.264640521196178
4,17,48,29.19331990855768
