,ema_fast,ema_slow,annual_return
0,10,18,47.24354579263046
1,5,28,45.874785268984326
2,5,27,45.81199781553135
3,12,15,45.55802361083112
4,13,14,45.55802361083112
