,ema_fast,ema_slow,annual_return
0,17,18,20.94741315989959
1,14,22,19.61370976206517
2,9,29,19.2306886836039
3,16,19,19.178394899467875
4,15,20,19.178394899467875
