,ema_fast,ema_slow,annual_return
0,22,13,16.89201279486263
1,19,17,16.616704323283837
2,20,16,16.437507481440477
3,23,14,16.413461692723764
4,23,15,16.277495245463772
