,ema_fast,ema_slow,annual_return
0,15,16,72.98327642053326
1,12,19,72.98010628514997
2,14,17,72.49840588149341
3,13,18,72.08643798394507
4,16,17,71.71613730522071
