,ema_fast,ema_slow,annual_return
0,5,12,6.576487113385799
1,4,23,6.434365017120308
2,4,22,6.402149512587815
3,3,17,6.331674920324327
4,6,11,6.291703513759983
