,ema_fast,ema_slow,annual_return
0,6,27,29.03356240926956
1,7,25,25.561847044945846
2,10,12,25.34509130168806
3,7,24,25.123211709711647
4,9,13,24.938415567075747
