,ema_fast,ema_slow,annual_return
0,17,52,16.22728686371366
1,19,48,16.15208882347188
2,16,53,16.063679755019827
3,18,50,16.023557199666588
4,17,51,15.9039888717223
