,ema_fast,ema_slow,annual_return
0,18,78,13.319692062865387
1,18,79,13.319692062865387
2,19,77,12.167463675598492
3,18,77,11.936006595286772
4,18,76,11.924391231043636
