,ema_fast,ema_slow,annual_return
0,10,23,4.913251491954073
1,8,38,4.024491901312803
2,1,10,3.925206519304583
3,20,34,3.884396511182131
4,9,36,3.55143638668027
