,ema_fast,ema_slow,annual_return
0,7,26,30.336326752138717
1,7,27,28.506986936958928
2,6,26,26.68371178460512
3,6,29,25.742743783699297
4,1,47,25.698540135353436
