,ema_fast,ema_slow,annual_return
0,1,25,29.195902130574115
1,1,26,28.7715648923403
2,24,52,28.67446667406497
3,24,51,28.36818793297824
4,23,54,28.351831681635662
