,ema_fast,ema_slow,annual_return
0,4,16,31.389428738988023
1,4,15,30.300683433518707
2,3,19,27.86880504579013
3,3,18,27.78255861520537
4,4,18,26.94560549470487
