,ema_fast,ema_slow,annual_return
0,5,77,19.358042052128727
1,5,78,19.26017073942927
2,7,77,18.578830091181462
3,7,76,18.578830091181462
4,8,77,18.384557392794107
