,ema_fast,ema_slow,annual_return
0,24,21,3.9346638750658935
1,24,20,3.9346638750658935
2,23,21,3.9346638750658935
3,22,21,3.275897126569539
4,22,17,0.0684286647067088
