,ema_fast,ema_slow,annual_return
0,9,50,17.742621842888884
1,7,54,17.556303893858864
2,10,42,17.444342639600478
3,11,41,17.432187929340454
4,7,55,17.050658499309836
