,ema_fast,ema_slow,annual_return
0,11,18,13.108266489299748
1,16,21,12.139873265334968
2,16,20,12.040769213575492
3,10,27,11.811668749026367
4,15,21,11.798717098898488
