,ema_fast,ema_slow,annual_return
0,8,22,21.736581218046936
1,9,20,21.267219925996688
2,7,24,20.459443371049137
3,7,25,20.319066326027908
4,6,25,19.940466885804625
