,ema_fast,ema_slow,annual_return
0,21,19,40.03498041898891
1,23,18,37.37421301240148
2,22,19,37.37421301240148
3,24,17,37.37421301240148
4,13,10,35.61184671384368
