,ema_fast,ema_slow,annual_return
0,10,30,36.96198712957664
1,12,26,35.52650084610301
2,9,32,35.34136119166887
3,11,28,35.33675996092141
4,9,33,35.327591387032896
