,ema_fast,ema_slow,annual_return
0,8,30,15.343509735722796
1,8,29,14.886289688956314
2,9,28,14.636484655206033
3,7,32,14.59737155703547
4,7,31,14.334449653713822
