,ema_fast,ema_slow,annual_return
0,21,13,9.794953345981677
1,20,14,9.445091231225526
2,19,17,8.903639650991298
3,20,16,8.903639650991298
4,21,15,8.777065715669853
