,ema_fast,ema_slow,annual_return
0,22,54,61.77380877572638
1,20,46,61.678622587926846
2,18,47,59.62387666150224
3,19,47,59.62387666150224
4,18,48,59.62387666150224
