,ema_fast,ema_slow,annual_return
0,11,58,35.01302951901835
1,9,71,34.946120652222284
2,11,60,34.746969889855684
3,14,52,34.63375290895287
4,11,59,34.6275807575195
