,ema_fast,ema_slow,annual_return
0,11,76,40.99180589320499
1,9,36,40.22059145121419
2,8,39,39.3931993521711
3,11,33,39.07413123844039
4,7,42,39.00723478285641
