,ema_fast,ema_slow,annual_return
0,6,32,16.844674507287134
1,6,33,16.108835366752125
2,4,33,16.02446260775628
3,4,28,15.777861291782564
4,3,28,15.664090876919524
