,ema_fast,ema_slow,annual_return
0,22,33,31.23550114599119
1,23,32,31.23550114599119
2,24,31,31.23550114599119
3,23,49,30.950425669423478
4,22,51,30.861702936653607
