,ema_fast,ema_slow,annual_return
0,12,21,35.19766319401934
1,13,21,35.07356235296089
2,13,19,34.978751110452215
3,14,18,34.926442882469935
4,13,20,34.47992893507183
