,ema_fast,ema_slow,annual_return
0,1,79,12.355172397330124
1,1,76,12.071037713069948
2,1,75,12.06098193608023
3,1,74,11.585579917239968
4,3,29,11.183148826715664
