,ema_fast,ema_slow,annual_return
0,17,11,17.26179847446989
1,15,13,17.111010963706523
2,18,10,16.997312871356137
3,16,12,16.710012489224805
4,14,13,16.626387118534183
