,ema_fast,ema_slow,annual_return
0,10,13,27.956353656644268
1,11,12,27.759400647552823
2,8,16,27.755476757454755
3,10,14,26.12359126037105
4,8,17,24.66415533584361
