,ema_fast,ema_slow,annual_return
0,8,29,25.45543110165265
1,4,34,25.317631513455773
2,5,30,25.24609325295676
3,5,33,25.18520544477446
4,4,33,22.70707676953019
