,ema_fast,ema_slow,annual_return
0,1,73,12.569330193656873
1,1,74,12.231071203579535
2,1,72,12.186431681155652
3,1,71,11.4718410041111
4,1,45,11.097097691961338
