,ema_fast,ema_slow,annual_return
0,19,52,20.241216745211208
1,8,45,19.41072330384835
2,6,56,19.38817905042221
3,20,50,19.126931478493443
4,19,51,19.05341851066662
