,ema_fast,ema_slow,annual_return
0,17,46,15.901257234546742
1,19,27,15.706392211288945
2,23,24,15.650475281209056
3,22,24,15.45228809279186
4,21,25,15.077641000148631
