,ema_fast,ema_slow,annual_return
0,23,17,17.3947807389071
1,23,15,16.89956367626998
2,24,16,16.761262892895836
3,22,18,16.651555858520812
4,21,18,16.644149484892004
