,ema_fast,ema_slow,annual_return
0,12,27,24.92037963640152
1,14,23,24.505177438637844
2,13,25,24.267117106637524
3,15,22,24.249483658196148
4,12,26,24.093107833023343
