,ema_fast,ema_slow,annual_return
0,2,36,11.836925018827063
1,2,35,11.684554957221035
2,2,38,11.343473948078266
3,2,37,11.299485188684466
4,3,34,9.193858122924508
