,ema_fast,ema_slow,annual_return
0,13,10,13.776974325570071
1,12,11,11.08420205317274
2,22,21,11.017752524727785
3,12,10,9.341564519556384
4,7,66,8.88270153573854
