,ema_fast,ema_slow,annual_return
0,21,57,30.20304825747772
1,20,59,30.20304825747772
2,21,62,30.17028177148473
3,22,55,30.011462270179017
4,19,60,29.910573100053277
