,ema_fast,ema_slow,annual_return
0,17,68,19.354679072941465
1,17,67,19.354679072941465
2,16,69,19.354679072941465
3,16,70,19.354679072941465
4,18,67,19.354679072941465
