,ema_fast,ema_slow,annual_return
0,7,14,64.84469729873855
1,8,14,61.03182826297173
2,10,11,58.814340142923285
3,8,13,56.73686765100175
4,9,12,56.24318528048956
