,ema_fast,ema_slow,annual_return
0,22,20,11.15657670968233
1,21,20,11.113348276925436
2,22,19,11.094762064507195
3,23,19,11.025841456759697
4,24,19,10.845072676647025
