,ema_fast,ema_slow,annual_return
0,22,13,11.723389651842698
1,21,14,11.686181586120984
2,20,14,11.471749095228189
3,19,15,11.471749095228189
4,23,13,11.320786884688063
