,ema_fast,ema_slow,annual_return
0,16,52,29.71128715084675
1,11,70,29.27573445496244
2,11,69,29.255444928085872
3,12,65,29.009235353239177
4,17,51,28.936305856699544
