,ema_fast,ema_slow,annual_return
0,1,47,16.448598170044317
1,24,23,15.31149523495804
2,4,39,15.131161747398284
3,7,30,15.039145100489726
4,7,31,14.94556341649962
