,ema_fast,ema_slow,annual_return
0,12,18,37.62587085471807
1,11,19,37.24249621597071
2,9,22,35.489652559401215
3,10,20,34.78150032760539
4,8,23,32.88314382557465
