,ema_fast,ema_slow,annual_return
0,22,12,14.572007384268192
1,18,16,14.189839024680111
2,18,15,14.054900983919266
3,17,15,13.942705023553954
4,19,14,13.924669376666262
