,ema_fast,ema_slow,annual_return
0,12,10,11.348211448890458
1,15,74,10.473779120379564
2,3,15,9.907264761639016
3,10,78,9.881946303498507
4,19,14,9.763605798339778
