,ema_fast,ema_slow,annual_return
0,3,25,16.26427907776404
1,18,60,15.812135893875867
2,19,60,15.812135893875867
3,18,61,15.812135893875867
4,19,59,15.812135893875867
