,ema_fast,ema_slow,annual_return
0,24,17,14.704977606428743
1,23,18,14.704977606428743
2,22,19,12.574311578029008
3,24,18,12.287457780237824
4,21,20,12.05081368044925
