,ema_fast,ema_slow,annual_return
0,19,10,9.182019250513978
1,16,21,7.316479279155636
2,15,22,7.316479279155636
3,1,64,7.1208073010310695
4,1,56,6.533744478168721
