,ema_fast,ema_slow,annual_return
0,21,71,22.89405260437337
1,22,69,22.89405260437337
2,21,70,22.79278905879356
3,22,68,22.084464076971816
4,22,79,22.02836679388135
