,ema_fast,ema_slow,annual_return
0,2,17,22.58593474494168
1,3,16,22.21814513910716
2,1,20,21.76396528485831
3,3,17,20.95966869304804
4,3,15,20.35225172296885
