,ema_fast,ema_slow,annual_return
0,3,18,10.899103483336546
1,3,15,10.26845014464844
2,4,13,10.23582112413842
3,14,26,9.95000363053817
4,18,16,9.940267026850744
