,ema_fast,ema_slow,annual_return
0,7,30,4.848742706828123
1,7,29,4.691232714846258
2,8,28,4.549780461377642
3,9,27,4.437494713995475
4,6,31,3.5072075679934103
