,ema_fast,ema_slow,annual_return
0,12,10,18.50480426281818
1,22,20,17.535953667116978
2,23,19,17.535953667116978
3,11,10,17.36603237977063
4,24,18,17.215301383776378
