,ema_fast,ema_slow,annual_return
0,2,17,7.376189345710974
1,2,18,7.35258890618323
2,2,20,6.41086069246872
3,2,19,6.233281466498975
4,1,21,6.037020493542984
