,ema_fast,ema_slow,annual_return
0,14,71,24.81364362949958
1,14,72,24.81364362949958
2,14,69,23.468312861570304
3,14,68,23.122789745731485
4,13,73,23.099213468306488
