,ema_fast,ema_slow,annual_return
0,8,70,15.091264633038886
1,9,64,15.091264633038886
2,18,39,15.043830862712628
3,19,37,15.043830862712628
4,8,69,14.875101581141214
