,ema_fast,ema_slow,annual_return
0,3,35,18.69856612208442
1,2,39,18.410584537141165
2,24,47,17.333994921757885
3,16,10,17.066766726304692
4,15,11,16.50370660413447
