,ema_fast,ema_slow,annual_return
0,13,17,35.373082398784234
1,14,16,34.715901650347654
2,14,17,34.32200622756672
3,15,17,33.69584371739315
4,15,16,33.618846384368005
