,ema_fast,ema_slow,annual_return
0,24,17,39.92484921632477
1,21,19,38.48860671096433
2,23,17,38.11750878184378
3,22,18,37.84966627017622
4,24,16,36.982804876805794
