,ema_fast,ema_slow,annual_return
0,20,16,15.774790979480295
1,21,15,15.753225945775451
2,19,17,15.533631029981237
3,24,13,15.125507100638542
4,19,18,14.913086882882014
