,ema_fast,ema_slow,annual_return
0,19,14,23.44123936456576
1,18,15,23.2505711930359
2,17,16,22.48447991131636
3,20,13,22.08270608525357
4,4,10,21.99518361539818
