,ema_fast,ema_slow,annual_return
0,6,14,31.31888775875882
1,7,13,30.614942781682792
2,1,16,29.828848768241013
3,4,12,29.386269255218476
4,3,14,29.360072280521862
