,ema_fast,ema_slow,annual_return
0,11,10,15.519523113648852
1,13,10,13.441448287650507
2,12,11,12.7054751043463
3,12,10,12.702426872403857
4,23,22,10.560820235553685
