,ema_fast,ema_slow,annual_return
0,12,42,29.28761240177611
1,15,36,27.703189029025488
2,15,35,27.434917950849396
3,10,46,27.421395557985168
4,4,62,27.20840596324708
