,ema_fast,ema_slow,annual_return
0,5,78,25.139921504278163
1,5,77,25.12355739907657
2,4,78,24.999812402627363
3,6,74,24.928865458416283
4,5,76,24.863959462866124
