,ema_fast,ema_slow,annual_return
0,10,11,8.6096302733857
1,9,12,8.497047626288436
2,8,13,8.141203322388332
3,7,14,8.129569841713359
4,6,17,7.926989119158316
