,ema_fast,ema_slow,annual_return
0,21,22,25.06028400142072
1,19,24,24.87788020977932
2,12,48,24.80742258762077
3,4,54,24.507177431950016
4,16,25,24.491544512449387
