,ema_fast,ema_slow,annual_return
0,4,57,29.73593704788447
1,4,59,29.53576178570045
2,4,60,29.53576178570045
3,4,58,29.33225729294065
4,5,50,29.153973300942443
