,ema_fast,ema_slow,annual_return
0,20,13,11.497364906478742
1,18,16,11.36501178395497
2,23,21,11.08819142266038
3,24,20,11.057397712858858
4,17,15,10.821014138088438
