,ema_fast,ema_slow,annual_return
0,1,41,39.06944169190922
1,1,43,37.9967320511484
2,1,42,37.667984197388165
3,1,40,37.61597368996584
4,1,37,36.60354629410834
