,ema_fast,ema_slow,annual_return
0,19,31,12.824606097940336
1,18,33,12.65572953232924
2,23,25,12.557016220666595
3,20,30,12.266140081371985
4,17,31,12.220274795140172
