,ema_fast,ema_slow,annual_return
0,14,11,10.674514153138674
1,13,12,10.628221452590044
2,15,11,10.55507424087362
3,14,10,10.395705188100855
4,16,10,10.107492521618637
