,ema_fast,ema_slow,annual_return
0,21,20,29.63027313881008
1,22,18,28.745943368226943
2,22,19,28.48532220328497
3,21,19,28.205514960931893
4,23,18,28.091878346609477
