,ema_fast,ema_slow,annual_return
0,9,17,23.39291708019127
1,10,17,21.17899386820228
2,10,16,20.08805533286429
3,11,15,19.50687359593192
4,9,18,19.033444009645724
