,ema_fast,ema_slow,annual_return
0,4,60,24.660661933914184
1,4,59,23.186187734559745
2,4,57,22.45134125066909
3,4,58,21.97527614234769
4,3,60,21.94466947187342
