,ema_fast,ema_slow,annual_return
0,16,35,28.53122181530879
1,15,37,28.39786759480507
2,17,34,28.26983094947744
3,19,32,27.191229780577707
4,21,28,26.84220113033899
