,ema_fast,ema_slow,annual_return
0,1,70,17.294055421669544
1,1,68,17.186766172570913
2,1,69,17.173271902195445
3,1,66,16.899795698859858
4,1,72,16.197526362179968
