,ema_fast,ema_slow,annual_return
0,10,30,18.14106658904109
1,9,31,18.069737177565223
2,4,77,18.04348316116549
3,4,79,17.94197633834526
4,9,32,17.872147843697125
