,ema_fast,ema_slow,annual_return
0,3,38,13.609193193068805
1,3,37,12.91952756314641
2,3,39,12.637681873844643
3,4,36,12.119748683508202
4,1,54,12.104565388885533
