,ema_fast,ema_slow,annual_return
0,1,28,18.313189763516057
1,24,23,15.66553433843989
2,18,15,14.980043062328804
3,17,16,14.976490332133476
4,4,10,13.85860242587777
