,ema_fast,ema_slow,annual_return
0,11,16,30.659086654954443
1,9,17,30.153539678899467
2,12,15,29.954423147635616
3,10,16,29.389695023944927
4,8,19,28.990813351023352
