,ema_fast,ema_slow,annual_return
0,8,14,23.603576439071464
1,6,20,22.526773494828134
2,7,20,22.049571156338693
3,3,15,21.84857636361786
4,8,19,21.69301957623893
