,ema_fast,ema_slow,annual_return
0,16,77,10.344824226746937
1,16,76,9.812771616270034
2,16,54,9.788970676754165
3,16,78,9.545953673520442
4,16,79,9.471478714012868
