,ema_fast,ema_slow,annual_return
0,2,14,37.0838332894416
1,2,13,35.63327459535536
2,2,15,34.728059906781475
3,3,12,33.637908118825514
4,2,12,33.49634586411014
