,ema_fast,ema_slow,annual_return
0,7,23,40.0739132564402
1,7,24,38.88444689893184
2,10,16,37.28689995847038
3,7,22,37.2121457361228
4,7,25,36.78370630181171
