,ema_fast,ema_slow,annual_return
0,24,53,33.753387363371594
1,16,60,33.19705878246077
2,15,61,31.021628503134487
3,16,59,30.431642542508524
4,24,65,28.61677139020824
