,ema_fast,ema_slow,annual_return
0,2,46,25.97403742641779
1,7,64,23.95333530733881
2,8,26,23.81614220575692
3,8,78,23.354320931284388
4,7,63,23.09777190904895
