,ema_fast,ema_slow,annual_return
0,6,66,9.83565266275892
1,6,64,9.741660628045096
2,5,67,9.664292807750591
3,6,65,9.632314626948965
4,6,63,9.42891104562838
