,ema_fast,ema_slow,annual_return
0,16,48,10.612338159830822
1,15,50,10.47782047365268
2,15,49,10.081078763185635
3,16,50,9.816493141727012
4,16,47,9.565229544029323
