,ema_fast,ema_slow,annual_return
0,6,29,25.8695085714714
1,6,28,23.64874689921748
2,6,27,23.52678010988188
3,6,26,21.162513065452963
4,6,30,18.13183850342681
