,ema_fast,ema_slow,annual_return
0,3,79,50.971317131442994
1,4,61,49.66421345261639
2,3,78,49.65806127454693
3,4,77,49.50944835122439
4,5,60,49.2445818841078
