,ema_fast,ema_slow,annual_return
0,11,10,13.574934788833977
1,12,10,12.682929595440468
2,13,10,12.436582343319447
3,12,11,10.571315609320722
4,14,10,9.646670517120072
