,ema_fast,ema_slow,annual_return
0,21,18,12.443904346888488
1,20,19,12.443904346888488
2,24,16,11.753592987713146
3,21,19,11.603085995012291
4,23,17,11.603085995012291
