,ema_fast,ema_slow,annual_return
0,20,10,16.54108906806917
1,14,13,15.727330770476012
2,16,11,15.655248186888512
3,15,12,15.499785000848268
4,14,12,15.470761929972006
