,ema_fast,ema_slow,annual_return
0,9,63,19.245347325476036
1,11,62,18.32666259248899
2,9,65,18.31853200453337
3,9,64,18.20722975136789
4,10,64,17.909057924980694
