,ema_fast,ema_slow,annual_return
0,24,22,5.825568623277373
1,24,21,5.6236138453084905
2,23,21,5.565541405730776
3,23,22,5.489710961662115
4,24,20,5.038223973480722
