,ema_fast,ema_slow,annual_return
0,18,12,4.972591266732495
1,15,14,4.279987020181884
2,19,11,4.065654698260982
3,16,13,3.667041389405809
4,20,11,3.652050974866365
