,ema_fast,ema_slow,annual_return
0,16,28,19.543896048949268
1,10,39,17.991314763377154
2,17,27,17.773411359443664
3,13,33,17.245867190196297
4,9,41,17.016578451990487
