,ema_fast,ema_slow,annual_return
0,12,10,30.65236466042031
1,13,10,27.479554344755545
2,12,11,27.479554344755545
3,14,11,27.142731715011937
4,15,10,27.142731715011937
