,ema_fast,ema_slow,annual_return
0,13,11,57.096326151225526
1,14,10,57.096326151225526
2,13,12,53.3169244652921
3,14,11,53.3169244652921
4,15,11,53.3169244652921
